Unnamed: 0,cursor_vis,endpoint_vis,clamp,rot,trial,cycle_phase,target_angle,instruct_phase,instruct_state,Endpoint_Theta,movement_time,movement_initiation_time,difference
0,0,0,0,-0.446042761,1,1,90,"Please slice through the target as quickly and accurately as possible.
You will not see the cursor during this phase.",1,96.09917276,0.1657972,0.7832275,6.099172760000002
0,0,0,0,0.910311411,2,1,-90,,1,-93.92222229,0.1328609,0.5171985,3.9222222899999934
0,0,0,0,1.159875875,3,1,0,,1,0.035306936,0.1338542,0.4831432,0.035306936
0,0,0,0,-0.087677468,4,1,180,,1,178.84599,0.1168413,0.4991975,1.1540099999999995
0,0,0,0,1.739472843,5,1,75,,1,65.26648059,0.1338431,0.58318,9.73351941
0,0,0,0,0.073899495,6,1,60,,1,58.67435521,0.1328863,0.4321258,1.3256447899999984
0,0,0,0,-1.703741862,7,1,-45,,1,-43.44532203,0.1318348,0.4511637,1.5546779700000002
0,0,0,0,2.188064988,8,1,30,,1,35.66496536,0.1348525,0.4001826,5.6649653599999965
0,0,0,0,-1.103373754,9,1,-135,,1,-141.0816597,0.1349292,0.4001515,6.081659699999989
0,0,0,0,-2.083039002,10,1,135,,1,134.517922,0.1498534,0.4151697,0.48207800000000134
0,0,0,0,-1.250265994,11,1,45,,1,47.53330158,0.1328513,0.4321885,2.53330158
0,0,0,0,1.130987442,12,1,15,,1,18.11182307,0.1167987,0.4332396,3.11182307
0,0,0,0,2.054579584,13,2,0,,1,4.995576558,0.1498521,0.5001171,4.995576558
0,0,0,0,-0.323324809,14,2,45,,1,41.72414329,0.1488137,0.4511958,3.2758567099999993
0,0,0,0,0.824524063,15,2,30,,1,30.66393726,0.1488344,0.4001649,0.6639372600000009
0,0,0,0,-1.757960642,16,2,-45,,1,-44.7647385,0.148821,0.4011987,0.2352615
0,0,0,0,-0.494169615,17,2,90,,1,88.31335022,0.1828159,0.4171697,1.6866497799999962
0,0,0,0,-0.097780307,18,2,180,,1,178.6578028,0.1328189,0.5330901,1.3421971999999869
0,0,0,0,1.069616298,19,2,15,,1,18.00255062,0.133865,0.5141727,3.002550620000001
0,0,0,0,-1.424840356,20,2,135,,1,135.9590235,0.1518568,0.4171863,0.9590235000000007
0,0,0,0,1.660996089,21,2,-135,,1,-135.0252876,0.1648777,0.3851616,0.025287600000012844
0,0,0,0,-1.377717074,22,2,60,,1,51.22243533,0.1328302,0.4492119,8.777564669999997
0,0,0,0,-0.360681287,23,2,75,,1,66.20994364,0.1508169,0.3831716,8.790056359999994
0,0,0,0,-1.396229887,24,2,-90,,1,-90.19336626,0.1489038,0.351191,0.19336626000000479
0,0,0,0,-0.374815622,25,3,-45,,1,-47.40894022,0.1489149,0.3841666,2.408940219999998
0,0,0,0,0.029941693,26,3,15,,1,5.710589816,0.1488064,0.4001978,9.289410184000001
0,0,0,0,1.683045491,27,3,30,,1,31.11216899,0.1158477,0.4001582,1.1121689900000007
0,0,0,0,-1.449597416,28,3,45,,1,42.3928811,0.1488425,0.3681968,2.6071189000000032
0,0,0,0,-1.62782567,29,3,0,,1,-1.436740051,0.1348345,0.4001636,1.436740051
0,0,0,0,0.597865896,30,3,-135,,1,-134.0830321,0.1678662,0.3501896,0.9169679000000031
0,0,0,0,-0.691538476,31,3,180,,1,179.6766111,0.1518262,0.4001867,0.32338889999999765
0,0,0,0,-1.176987003,32,3,-90,,1,-91.10139966,0.132928,0.3821278,1.1013996599999984
0,0,0,0,1.447635338,33,3,60,,1,57.37586116,0.1488793,0.351146,2.6241388400000005
0,0,0,0,-0.463883465,34,3,75,,1,72.23658639,0.1508665,0.3831193,2.7634136100000006
0,0,0,0,-1.792873794,35,3,135,,1,131.1898275,0.1488214,0.3341321,3.810172499999993
0,0,0,0,-0.581702003,36,3,90,,1,91.17974611,0.1828125,0.3161685,1.1797461099999964
0,0,0,0,-0.316920808,37,4,-135,,1,-136.9875149,0.1508936,0.4001491,1.9875149000000079
0,0,0,0,1.34325435,38,4,-90,,1,-89.7641259,0.1678321,0.3501745,0.23587410000000375
0,0,0,0,0.235509148,39,4,30,,1,34.15287148,0.1328221,0.3672017,4.152871480000002
0,0,0,0,-0.170695953,40,4,45,,1,43.76397571,0.1339294,0.3651338,1.2360242900000031
0,0,0,0,0.701924193,41,4,180,,1,177.2435978,0.1508653,0.3821219,2.7564021999999966
0,0,0,0,-1.46737795,42,4,90,,1,95.43307504,0.1498309,0.3831884,5.433075040000006
0,0,0,0,-0.356338986,43,4,60,,1,59.61650486,0.1488625,0.318196,0.38349514000000084
0,0,0,0,0.981688926,44,4,135,,1,131.1941443,0.1508674,0.4001535,3.805855699999995
0,0,0,0,0.321094104,45,4,0,,1,-0.415377037,0.1688621,0.3831632,0.415377037
0,0,0,0,0.709103491,46,4,75,,1,72.9518704,0.1826633,0.3003778,2.0481295999999958
0,0,0,0,0.459277564,47,4,-45,,1,-51.38466761,0.1668429,0.4010669,6.384667610000001
0,0,0,0,-0.308768336,48,4,15,,1,15.61524783,0.1518777,0.4001803,0.6152478299999995
0,0,0,0,-0.48191987,49,5,0,,1,-8.508167834,0.1328806,0.3831477,8.508167834
0,0,0,0,-1.055217888,50,5,75,,1,72.3695166,0.1838223,0.3491406,2.630483400000003
0,0,0,0,-0.795388934,51,5,15,,1,22.74329513,0.1677365,0.5003002,7.74329513
0,0,0,0,0.626305109,52,5,135,,1,133.4823306,0.1997973,0.4322102,1.5176693999999884
0,0,0,0,-0.375367325,53,5,-135,,1,-129.9101699,0.1838143,0.4001459,5.0898301
0,0,0,0,-0.130024931,54,5,45,,1,44.75759348,0.1668378,0.3831949,0.24240652000000296
0,0,0,0,0.793854529,55,5,-45,,1,-45.07971757,0.1838713,0.399139,0.07971756999999968
0,0,0,0,0.807815163,56,5,90,,1,93.66903804,0.1848267,0.3502198,3.6690380400000038
0,0,0,0,0.105464398,57,5,30,,1,31.75709516,0.1337996,0.3661513,1.7570951599999987
0,0,0,0,-0.034568595,58,5,60,,1,54.86193231,0.1988458,0.4331514,5.13806769
0,0,0,0,0.654919712,59,5,180,,1,172.9655883,0.13385,0.3832362,7.034411699999993
0,0,0,0,-0.439491769,60,5,-90,,1,-90.47407148,0.1499088,0.6171443,0.4740714800000063
0,1,1,0,0.855367679,61,1,90,"You will now only see the cursor throughout your entire reach.
Please continue to slice through the target as quickly and accurately as possible.",1,89.33451797,0.16597,0.3842172,0.6654820300000068
0,1,1,0,-0.745215761,62,1,-135,,1,-133.0377224,0.1170384,0.400192,1.962277599999993
0,1,1,0,0.959164751,63,1,-45,,1,-38.86365518,0.1669275,0.3832778,6.136344819999998
0,1,1,0,-0.212163623,64,1,-90,,1,-88.00164155,0.1340258,0.3502017,1.9983584499999978
0,1,1,0,1.08544589,65,1,135,,1,134.7314784,0.1350448,0.383187,0.2685216000000139
0,1,1,0,1.120347949,66,1,75,,1,70.95954027,0.16799,0.3671999,4.040459729999995
0,1,1,0,1.062030012,67,1,180,,1,177.4552308,0.0990073,0.4511475,2.5447691999999904
0,1,1,0,1.090502415,68,1,15,,1,18.87014039,0.1330049,0.4341398,3.8701403899999995
0,1,1,0,-0.232011035,69,1,60,,1,51.9811719,0.1169988,0.3831705,8.0188281
0,1,1,0,-1.391499432,70,1,45,,1,45.3183564,0.1330018,0.3982235,0.318356399999999
0,1,1,0,-0.999996205,71,1,30,,1,34.62666489,0.1349487,0.417203,4.626664890000001
0,1,1,0,1.933245256,72,1,0,,1,1.508434954,0.1169389,0.4001505,1.508434954
0,1,1,0,1.051317144,73,2,60,,1,60.86085551,0.1339679,0.3501872,0.8608555100000004
0,1,1,0,1.078897421,74,2,30,,1,33.88822716,0.1500112,0.3501765,3.8882271599999996
0,1,1,0,0.258446624,75,2,180,,1,178.6254629,0.1159589,0.3662295,1.3745370999999977
0,1,1,0,0.635098561,76,2,0,,1,-0.303341513,0.1659551,0.3831803,0.303341513
0,1,1,0,-1.21094299,77,2,75,,1,70.93216675,0.1650584,0.3352007,4.067833250000007
0,1,1,0,-1.179880527,78,2,-45,,1,-51.57797788,0.1500012,0.3819098,6.577977879999999
0,1,1,0,0.280658102,79,2,90,,1,97.38677263,0.1319805,0.3682094,7.386772629999996
0,1,1,0,-0.378779383,80,2,-135,,1,-137.687191,0.1350405,0.3651514,2.6871910000000128
0,1,1,0,0.012555782,81,2,135,,1,134.5013165,0.1319765,0.3682453,0.4986834999999985
0,1,1,0,0.086148136,82,2,45,,1,45.80111599,0.1500042,0.3501477,0.8011159899999996
0,1,1,0,-0.03148943,83,2,15,,1,17.80633067,0.1310106,0.385166,2.8063306700000012
0,1,1,0,0.554645786,84,2,-90,,1,-86.86060614,0.1669694,0.4501798,3.1393938599999984
0,1,1,0,-0.668334644,85,3,0,,1,-4.214993436,0.1330144,0.3991577,4.214993436
0,1,1,0,2.044452402,86,3,180,,1,176.7695656,0.1500367,0.3831645,3.230434400000007
0,1,1,0,-0.601678743,87,3,45,,1,49.81688795,0.1489464,0.3832234,4.816887950000002
0,1,1,0,-0.953122569,88,3,-90,,1,-88.83119034,0.1500065,0.3172182,1.1688096599999938
0,1,1,0,-1.08192134,89,3,15,,1,18.59616887,0.1160033,0.3671648,3.5961688699999996
0,1,1,0,-0.093260057,90,3,60,,1,54.4315279,0.1829778,0.4502064,5.568472100000001
0,1,1,0,-0.025799531,91,3,90,,1,96.36251097,0.1669764,0.4331964,6.362510970000002
0,1,1,0,2.38048103,92,3,30,,1,28.61825596,0.1159668,0.3991441,1.381744040000001
0,1,1,0,-2.203135953,93,3,135,,1,134.1347118,0.1319916,0.3851635,0.8652882000000091
0,1,1,0,-0.871850964,94,3,-45,,1,-50.06327334,0.1650042,0.3511743,5.063273340000002
0,1,1,0,1.306776169,95,3,-135,,1,-137.0006783,0.1340247,0.3831694,2.000678300000004
0,1,1,0,2.469047452,96,3,75,,1,72.073129,0.1500208,0.4001883,2.9268710000000056
0,1,1,0,-1.397367088,97,4,90,,1,91.58598577,0.1500953,0.3671433,1.5859857699999935
0,1,1,0,-0.912115266,98,4,30,,1,30.04896419,0.1340129,0.3661312,0.04896418999999952
0,1,1,0,0.226932578,99,4,180,,1,179.3674931,0.1170545,0.3661187,0.6325069000000099
0,1,1,0,0.912130572,100,4,-45,,1,-45.14812635,0.1659745,0.3671733,0.1481263499999983
0,1,1,0,-0.246754694,101,4,-90,,1,-86.34222775,0.1659851,0.3521458,3.6577722499999936
0,1,1,0,1.254086438,102,4,15,,1,20.15820703,0.1650044,0.3831593,5.15820703
0,1,1,0,1.204429571,103,4,45,,1,41.86215942,0.1319608,0.3852449,3.1378405800000024
0,1,1,0,0.127953584,104,4,135,,1,136.5256656,0.1500615,0.3671295,1.5256655999999964
0,1,1,0,-1.904509847,105,4,60,,1,58.94252303,0.1330107,0.3501526,1.0574769700000033
0,1,1,0,-1.040094827,106,4,-135,,1,-135.0778678,0.1320379,0.3521792,0.07786780000000704
0,1,1,0,-0.880254799,107,4,75,,1,73.41142811,0.1350018,0.3651558,1.5885718899999972
0,1,1,0,-0.116088671,108,4,0,,1,2.103362873,0.165986,0.4330324,2.103362873
0,1,1,0,0.028559197,109,5,-135,,1,-135.5367544,0.1169899,0.3321934,0.5367544000000066
0,1,1,0,-0.875266276,110,5,30,,1,33.3528939,0.1499179,0.3662312,3.352893899999998
0,1,1,0,-3.110365623,111,5,60,,1,60.71091551,0.1660058,0.334147,0.7109155099999995
0,1,1,0,-1.277785999,112,5,-90,,1,-83.64596123,0.1669817,0.3841121,6.3540387700000025
0,1,1,0,0.538826231,113,5,75,,1,78.39688079,0.1669728,0.3831997,3.3968807899999973
0,1,1,0,1.8934481,114,5,0,,1,1.88587165,0.166946,0.3501563,1.88587165
0,1,1,0,1.060850807,115,5,90,,1,95.9758124,0.2159605,0.3012142,5.975812399999995
0,1,1,0,-0.655114404,116,5,15,,1,15.4287102,0.1660109,0.4001599,0.4287101999999994
0,1,1,0,0.838808893,117,5,45,,1,48.80711713,0.2000078,0.3521952,3.8071171300000017
0,1,1,0,-0.511903693,118,5,135,,1,137.3020429,0.1170214,0.4001702,2.3020429000000036
0,1,1,0,-0.082798853,119,5,-45,,1,-40.41407012,0.1328954,0.4162259,4.585929880000002
0,1,1,0,0.584137767,120,5,180,,1,172.9209044,0.1159982,0.3501675,7.079095599999988
0,1,1,1,30.31831352,121,1,45,"The cursor feedback is now clamped.
The location of the endpoint feedback is random.
It  has nothing to do with how accurately you reach.
Please do your best to ignore the cursor feedback and continue slicing directly through the target.",1,42.5482581,0.149989,0.3651789,2.451741900000002
0,1,1,1,30.96022009,122,2,45,,1,41.91435916,0.1170077,0.4991538,3.0856408400000035
0,1,1,1,28.67417283,123,3,45,,1,43.44949452,0.1680394,0.416166,1.5505054799999982
0,1,1,1,29.6981939,124,4,45,,1,39.09562845,0.1510383,0.4491504,5.9043715500000005
0,1,1,1,28.27150065,125,5,45,,1,39.54538393,0.1509924,0.2831389,5.45461607
0,1,1,1,30.91179775,126,6,45,,1,40.44789103,0.1490157,0.2521659,4.552108969999999
0,1,1,1,29.33721186,127,7,45,,1,40.87427237,0.1490468,0.3001647,4.12572763
0,1,1,1,30.22456201,128,8,45,,1,40.00412284,0.1349758,0.3331528,4.995877159999999
0,1,1,1,30.04123902,129,9,45,,1,39.74855234,0.1499629,0.1991982,5.251447659999997
0,1,1,1,30.06097712,130,10,45,,1,38.65754467,0.1330247,0.3331388,6.34245533
0,1,1,1,27.66865851,131,11,45,,1,37.67551266,0.1350069,0.2171692,7.3244873399999975
0,1,1,1,31.15835687,132,12,45,,1,34.32588519,0.1820138,0.1351535,10.674114809999999
0,1,1,1,30.3921731,133,13,45,,1,38.0127851,0.1309236,0.1351965,6.987214899999998
0,1,1,1,29.67173913,134,14,45,,1,41.10778456,0.1160277,0.218211,3.892215440000001
0,1,1,1,29.83772285,135,15,45,,1,40.77062215,0.0999617,0.2482224,4.229377849999999
0,1,1,1,30.18948884,136,16,45,,1,43.38008491,0.1329699,0.2671868,1.6199150899999992
0,1,1,1,30.60776983,137,17,45,,1,41.24963462,0.1319775,0.2511804,3.750365379999998
0,1,1,1,29.63491636,138,18,45,,1,42.30826604,0.1179631,0.3002034,2.6917339600000005
0,1,1,1,29.79026448,139,19,45,,1,45.78708905,0.1330118,0.200171,0.7870890499999987
0,1,1,1,30.3125043,140,20,45,,1,45.01308824,0.1339948,0.4161816,0.01308824000000186
0,1,1,1,29.15516825,141,21,45,,1,44.85102605,0.148984,0.2681953,0.14897394999999847
0,1,1,1,30.84922862,142,22,45,,1,43.59537059,0.1340055,0.1651503,1.4046294099999983
0,1,1,1,30.34525601,143,23,45,,1,47.30090942,0.1339876,0.1991846,2.3009094200000035
0,1,1,1,30.54575635,144,24,45,,1,46.62020412,0.1329957,0.2501612,1.6202041199999968
0,1,1,1,32.06777268,145,25,45,,1,44.07892744,0.1340354,0.250143,0.9210725599999989
0,1,1,1,30.69185776,146,26,45,,1,47.40582226,0.1170189,0.2831922,2.4058222600000008
0,1,1,1,29.89589243,147,27,45,,1,45.43917263,0.1170196,0.1671805,0.4391726300000016
0,1,1,1,29.29227119,148,28,45,,1,43.68739386,0.1170155,0.2671972,1.3126061399999998
0,1,1,1,30.36678449,149,29,45,,1,45.56296175,0.167009,0.2492058,0.5629617499999995
0,1,1,1,31.38346966,150,30,45,,1,47.1179007,0.1350239,0.4000962,2.1179007
0,1,1,1,29.0379062,151,31,45,,1,47.17408307,0.165114,0.318168,2.174083070000002
0,1,1,1,29.48184443,152,32,45,,1,46.48072441,0.1500524,0.3841733,1.4807244100000005
0,1,1,1,30.30094183,153,33,45,,1,39.81807846,0.133979,0.3662214,5.181921539999998
0,1,1,1,33.05863373,154,34,45,,1,45.67417716,0.1329934,0.3491368,0.6741771599999993
0,1,1,1,28.97092019,155,35,45,,1,49.97336433,0.1499956,0.2661736,4.9733643300000026
0,1,1,1,30.41107032,157,37,45,,1,51.40295335,0.1340852,0.3001814,6.402953349999997
0,1,1,1,30.55298364,158,38,45,,1,48.88931868,0.1170928,0.383164,3.8893186800000024
0,1,1,1,29.93159351,159,39,45,,1,50.46564453,0.1310085,0.2521877,5.465644529999999
0,1,1,1,30.63832736,160,40,45,,1,49.59937264,0.1320197,0.3351984,4.599372639999999
0,1,1,1,29.95159641,161,41,45,,1,49.52489804,0.1169941,0.3831699,4.5248980399999965
0,1,1,1,31.31211506,162,42,45,,1,55.67690693,0.1329634,0.3171853,10.676906930000001
0,1,1,1,30.56583812,163,43,45,,1,51.65731403,0.1500676,0.3161747,6.657314030000002
0,1,1,1,30.21382676,164,44,45,,1,52.65204916,0.133002,0.434187,7.652049159999997
0,1,1,1,28.30741718,165,45,45,,1,50.34526453,0.1500149,0.3331755,5.3452645300000015
0,1,1,1,29.24119165,166,46,45,,1,47.1530121,0.1330189,0.2831174,2.153012099999998
0,1,1,1,31.38528517,167,47,45,,1,44.39906191,0.1509917,0.2161186,0.6009380899999996
0,1,1,1,30.38594331,168,48,45,,1,50.88326692,0.1490269,0.3511675,5.883266919999997
0,1,1,1,30.06658414,169,49,45,,1,49.96403101,0.149995,0.2331714,4.964031009999999
0,1,1,1,29.53861444,170,50,45,,1,52.49362196,0.1329559,0.2671995,7.493621959999999
0,1,1,1,28.57362702,171,51,45,,1,49.65448189,0.1499798,0.2501552,4.65448189
0,1,1,1,29.3040619,172,52,45,,1,52.70289364,0.1320024,0.3511703,7.702893639999999
0,1,1,1,31.06120367,173,53,45,,1,40.19370007,0.1320135,0.1351904,4.8062999300000016
0,1,1,1,32.68845701,174,54,45,,1,45.5592333,0.1169754,0.3831974,0.5592333000000025
0,1,1,1,31.1786678,175,55,45,,1,46.28404709,0.1499839,0.1841962,1.2840470900000014
0,1,1,1,31.06050697,176,56,45,,1,47.52367585,0.1479982,0.2681953,2.5236758499999965
0,1,1,1,31.16825461,177,57,45,,1,51.9921283,0.1849884,0.2672212,6.992128299999997
0,1,1,1,30.49783945,178,58,45,,1,46.31585981,0.1509999,0.2979761,1.3158598099999992
0,1,1,1,27.17923568,179,59,45,,1,47.38014702,0.1670631,0.3511708,2.3801470200000026
0,1,1,1,30.09068459,180,60,45,,1,46.70883512,0.1499933,0.2161572,1.7088351200000034
0,1,1,1,30.854106,181,61,45,,1,46.19937535,0.1329537,0.3162195,1.1993753499999968
0,1,1,1,30.85770996,182,62,45,,1,49.34606505,0.1489999,0.1841391,4.34606505
0,1,1,1,29.07369743,183,63,45,,1,50.90390905,0.1500059,0.2321498,5.903909050000003
0,1,1,1,30.74474697,185,65,45,,1,42.67322464,0.1500077,0.215183,2.326775359999999
0,1,1,1,29.83098113,186,66,45,,1,53.11434677,0.1319574,0.1681742,8.114346769999997
0,1,1,1,30.75174089,187,67,45,,1,41.68602391,0.1160047,0.2181541,3.313976089999997
0,1,1,1,29.85083585,188,68,45,,1,46.41644153,0.133031,0.2001539,1.4164415300000002
0,1,1,1,30.16072483,189,69,45,,1,40.65479445,0.2500096,0.1651773,4.345205550000003
0,1,1,1,29.3797955,190,70,45,,1,49.063132,0.1500343,0.2501228,4.063132000000003
0,1,1,1,30.57018615,191,71,45,,1,50.08162575,0.134009,0.2491522,5.081625750000001
0,1,1,1,31.14060031,192,72,45,,1,51.73682771,0.166032,0.2341576,6.73682771
0,1,1,1,31.46871464,193,73,45,,1,49.08825454,0.1339806,0.2841815,4.088254540000001
0,1,1,1,28.28094112,194,74,45,,1,46.94017695,0.1320363,0.5351593,1.9401769500000015
0,1,1,1,31.37078235,195,75,45,,1,40.97482049,0.133991,0.3011705,4.025179510000001
0,1,1,1,29.10949086,196,76,45,,1,44.3880663,0.1340411,0.349176,0.6119337000000016
0,1,1,1,31.33398357,197,77,45,,1,52.9200362,0.1340189,0.3501452,7.920036199999998
0,1,1,1,31.83272658,198,78,45,,1,49.69010914,0.1489809,0.2681942,4.690109139999997
0,1,1,1,30.43600782,199,79,45,,1,45.72001587,0.1159993,0.2491513,0.7200158699999974
0,1,1,1,30.07329192,200,80,45,,1,51.70739025,0.1499957,0.5001426,6.707390250000003
0,1,1,1,30.03069232,201,81,45,,1,55.25334339,0.1330296,0.2500875,10.253343389999998
0,1,1,1,31.24316287,202,82,45,,1,53.42955935,0.116012,0.3671585,8.429559349999998
0,1,1,1,29.48791887,203,83,45,,1,54.60448375,0.1179752,0.4171962,9.60448375
0,1,1,1,29.75583484,204,84,45,,1,54.11240954,0.1489791,0.200208,9.112409540000002
0,1,1,1,30.59632863,205,85,45,,1,52.05593881,0.1650178,0.2351838,7.055938810000001
0,1,1,1,32.16628153,206,86,45,,1,51.6331329,0.1161058,0.3671705,6.6331329
0,1,1,1,31.00333422,207,87,45,,1,55.71886802,0.1170264,0.2841301,10.718868020000002
0,1,1,1,30.34004839,208,88,45,,1,58.86452844,0.1340311,0.3171678,13.86452844
0,1,1,1,30.48783698,209,89,45,,1,58.21094253,0.151004,0.1841571,13.210942529999997
0,1,1,1,29.72159483,210,90,45,,1,60.54608473,0.1350054,0.2491951,15.546084729999997
0,1,1,1,30.00654705,211,91,45,,1,55.64735567,0.1328915,0.2672547,10.647355670000003
0,1,1,1,29.1754881,212,92,45,,1,61.70287699,0.1340062,0.2821734,16.70287699
0,1,1,1,30.62136372,213,93,45,,1,58.2199333,0.1329909,0.2841669,13.219933300000001
0,1,1,1,29.43642257,214,94,45,,1,59.57522962,0.1338687,0.2662918,14.575229620000002
0,1,1,1,29.62959279,215,95,45,,1,58.30011697,0.1170089,0.2681166,13.300116969999998
0,1,1,1,30.01014409,216,96,45,,1,59.26060729,0.1329853,0.250199,14.260607290000003
0,1,1,1,31.23160912,217,97,45,,1,58.99824994,0.133852,0.3332888,13.998249940000001
0,1,1,1,30.3187044,218,98,45,,1,58.13216222,0.1319743,0.3011731,13.132162219999998
0,1,1,1,32.63359429,219,99,45,,1,59.46927865,0.1179948,0.3171714,14.46927865
0,1,1,1,28.88072152,220,100,45,,1,55.9893065,0.1008732,0.2653041,10.989306499999998
0,1,1,1,28.98900033,221,101,45,,1,56.34171506,0.1339992,0.2181665,11.341715059999999
0,1,1,1,29.02233375,222,102,45,,1,54.32607823,0.1159265,0.2842684,9.32607823
0,1,1,1,29.25110264,223,103,45,,1,50.78276368,0.1499933,0.1671833,5.782763680000002
0,1,1,1,30.86021503,224,104,45,,1,54.49233501,0.1659558,0.1850591,9.492335009999998
0,1,1,1,30.28872505,225,105,45,,1,49.36204633,0.1161351,0.2011938,4.362046329999998
0,1,1,1,28.706089,226,106,45,,1,51.91964258,0.11806,0.2661512,6.919642580000001
0,1,1,1,30.75300362,227,107,45,,1,54.7712897,0.1651341,0.2342243,9.771289699999997
0,1,1,1,29.99467352,228,108,45,,1,53.89446424,0.1171175,0.2991799,8.894464239999998
0,1,1,1,29.65725292,229,109,45,,1,50.09322499,0.1329482,0.1172248,5.093224990000003
0,1,1,1,30.61629411,230,110,45,,1,48.75175606,0.1169819,0.2172002,3.751756059999998
0,1,1,1,29.53573347,231,111,45,,1,49.58092946,0.1340487,0.1511925,4.58092946
0,1,1,1,29.25414744,232,112,45,,1,49.57587121,0.1330206,0.134019,4.5758712100000025
0,1,1,1,31.37951103,233,113,45,,1,47.37110616,0.1171206,0.1162044,2.3711061599999965
0,1,1,1,29.13679527,234,114,45,,1,53.76414517,0.1162559,0.2171661,8.764145169999999
0,1,1,1,29.8886028,235,115,45,,1,50.49115154,0.1340372,0.1170425,5.491151539999997
0,1,1,1,29.94385369,236,116,45,,1,49.76957544,0.1162201,0.3331048,4.769575439999997
0,1,1,1,31.03303179,237,117,45,,1,49.10421093,0.1500526,0.1822776,4.104210930000001
0,1,1,1,31.12331394,238,118,45,,1,51.73587634,0.1171379,0.3651591,6.735876339999997
0,1,1,1,29.17763538,239,119,45,,1,46.90655429,0.1508746,0.18223,1.9065542900000025
0,1,1,1,31.25247095,240,120,45,,1,52.17225378,0.1149754,0.1680477,7.172253779999998
0,1,1,1,30.24563007,241,1,45,"You will now be asked to reach to targets that you have not yet reached to.
You will not receive feedback of any kind for these reaches.Please continue to slice through the target as quickly and accurately as possible.",1,50.75659642,0.1160103,0.2171844,5.756596420000001
0,1,1,1,29.02138855,242,1,45,,1,49.51461332,0.2998885,0.0501278,4.514613320000002
0,1,1,1,30.69340675,243,1,45,,1,52.14210537,0.1161679,0.3001431,7.142105370000003
0,0,0,1,29.91385193,244,1,15,,1,46.62316064,0.1170128,0.2481287,31.623160640000002
0,1,1,1,31.3615302,245,1,45,,1,45.21605135,0.132022,0.4511547,0.21605135000000075
0,1,1,1,28.25265832,246,1,45,,1,49.09710307,0.1149631,0.434178,4.097103070000003
0,1,1,1,28.31683321,247,1,45,,1,47.810935,0.1320322,0.3350826,2.8109350000000006
0,1,1,1,31.23705551,249,1,45,,1,37.12120213,0.1158849,0.5333275,7.87879787
0,0,0,1,30.08298364,250,1,90,,1,85.42428268,0.1358558,0.4491426,4.575717319999995
0,0,0,1,30.35136758,251,1,-45,,1,-48.20334148,0.1658304,0.4341982,3.203341479999999
0,0,0,1,30.63170278,252,1,180,,1,179.1496995,0.1168672,0.4001508,0.850300500000003
0,0,0,1,30.99349257,253,1,135,,1,131.0854604,0.1339004,0.4001933,3.914539600000012
0,0,0,1,31.3788953,254,1,-90,,1,-85.968623,0.1478838,0.3681716,4.031377000000006
0,1,1,1,28.73905686,255,1,45,,1,41.48800698,0.1171347,0.3651756,3.5119930199999985
0,0,0,1,29.59862666,256,1,60,,1,49.2662432,0.1318354,0.3513135,10.733756800000002
0,1,1,1,32.05113621,257,1,45,,1,35.34570256,0.1149232,0.3842293,9.65429744
0,1,1,1,30.46778148,258,1,45,,1,40.75653968,0.0999888,0.4001551,4.243460319999997
0,0,0,1,29.73315978,259,1,30,,1,26.00424031,0.1319764,0.3351868,3.99575969
0,0,0,1,30.77473639,260,1,-135,,1,-132.7506484,0.1338443,0.4662075,2.2493516000000113
0,1,1,1,30.59405907,261,1,45,,1,35.53837962,0.1170963,0.4172375,9.46162038
0,0,0,1,30.53432354,262,1,0,,1,-1.481568501,0.1336876,0.3502178,1.481568501
0,1,1,1,31.69445835,263,1,45,,1,38.86257979,0.1160462,0.4170689,6.137420210000002
0,1,1,1,29.97238952,264,2,45,,1,36.53174367,0.1499037,0.3653732,8.468256330000003
0,1,1,1,30.89476992,265,2,45,,1,34.51790699,0.1508858,0.4493179,10.48209301
0,0,0,1,29.8461988,266,2,75,,1,59.70105698,0.1158651,0.5161607,15.298943020000003
0,0,0,1,31.53524713,267,2,-135,,1,-132.5995397,0.1678857,0.3661288,2.4004602999999918
0,1,1,1,29.64027022,268,2,45,,1,38.41173031,0.1320294,0.4172884,6.588269689999997
0,0,0,1,27.92541679,269,2,90,,1,86.1681934,0.1498583,0.4321912,3.831806599999993
0,1,1,1,31.76670205,270,2,45,,1,35.26490166,0.1168856,0.3672701,9.73509834
0,0,0,1,29.75933066,271,2,-45,,1,-47.62139667,0.1499143,0.3651349,2.621396670000003
0,1,1,1,31.99887208,272,2,45,,1,29.78051071,0.1309977,0.4011907,15.219489289999999
0,1,1,1,29.3251436,273,2,45,,1,31.92406023,0.1349926,0.3830918,13.075939770000002
0,0,0,1,30.02249642,274,2,15,,1,6.531067872,0.164862,0.3351808,8.468932127999999
0,1,1,1,31.37733444,275,2,45,,1,34.69697218,0.1172855,0.4831873,10.303027819999997
0,0,0,1,30.81888917,276,2,0,,1,-1.353832139,0.149884,0.3331683,1.353832139
0,1,1,1,30.92598628,277,2,45,,1,33.39928415,0.1338894,0.366317,11.60071585
0,0,0,1,30.58476406,278,2,60,,1,44.55716017,0.1328173,0.4001958,15.442839829999997
0,1,1,1,30.64167821,279,2,45,,1,36.39544426,0.1329618,0.4481579,8.604555740000002
0,0,0,1,28.8915707,280,2,180,,1,174.903489,0.1498962,0.350147,5.0965109999999925
0,0,0,1,29.55104059,281,2,30,,1,24.52178284,0.1178844,0.3809694,5.47821716
0,0,0,1,30.54379064,282,2,135,,1,141.1490868,0.1339599,0.4331776,6.149086799999992
0,0,0,1,29.14201327,283,2,-90,,1,-85.30791129,0.1498324,0.382204,4.692088709999993
0,1,1,1,30.33996682,284,2,45,,1,37.04620964,0.1350109,0.3501424,7.953790359999999
0,1,1,1,28.12371304,285,2,45,,1,36.97005087,0.1171276,0.3671844,8.029949129999999
0,1,1,1,30.75163797,286,2,45,,1,41.15080866,0.1180729,0.4161369,3.8491913399999973
0,0,0,1,30.15983043,287,3,180,,1,173.2712457,0.1509279,0.3662123,6.728754299999991
0,1,1,1,29.96443288,288,3,45,,1,42.42756891,0.1011142,0.3661881,2.572431090000002
0,0,0,1,30.32395114,289,3,-90,,1,-89.05172989,0.1487869,0.4182363,0.9482701099999957
0,0,0,1,30.27898242,290,3,135,,1,139.7195042,0.1329812,0.3681597,4.719504199999989
0,1,1,1,31.31137636,291,3,45,,1,37.59314138,0.0990401,0.3501523,7.406858620000001
0,1,1,1,30.13697953,292,3,45,,1,44.70010889,0.1150188,0.351119,0.29989110999999724
0,1,1,1,27.60629592,293,3,45,,1,49.23406408,0.1519892,0.3481966,4.234064080000003
0,0,0,1,27.46973814,294,3,30,,1,41.02154,0.1309162,0.3851426,11.021540000000002
0,1,1,1,30.17978134,295,3,45,,1,46.56533029,0.1160132,0.4001858,1.5653302899999986
0,0,0,1,28.90188004,296,3,0,,1,-2.472539167,0.1317764,0.3832474,2.472539167
0,0,0,1,31.87689215,297,3,60,,1,57.4163476,0.1158068,0.400235,2.5836523999999983
0,0,0,1,30.27463102,298,3,15,,1,23.22821518,0.1340083,0.4501928,8.22821518
0,0,0,1,30.24468867,299,3,90,,1,95.20422293,0.1508793,0.4161522,5.20422293
0,1,1,1,29.12378599,300,3,45,,1,37.80924633,0.1189664,0.3820623,7.190753669999999
0,1,1,1,30.36901116,301,3,45,,1,45.46248927,0.1150073,0.3521715,0.46248926999999895
0,1,1,1,30.70911194,302,3,45,,1,45.06157764,0.0999999,0.3161879,0.06157764000000299
0,0,0,1,29.22095766,303,3,-135,,1,-133.4283462,0.1338417,0.3662108,1.571653800000007
0,1,1,1,29.80533895,304,3,45,,1,43.26107305,0.150039,0.3671858,1.7389269499999997
0,1,1,1,30.21058612,305,3,45,,1,43.57229363,0.1169904,0.3841812,1.4277063700000028
0,1,1,1,30.35749172,306,3,45,,1,44.97828565,0.0999804,0.4001909,0.021714350000003435
0,1,1,1,27.84326012,307,3,45,,1,45.31076051,0.1009941,0.3651554,0.3107605100000015
0,0,0,1,30.73050851,308,3,75,,1,78.89224562,0.1508149,0.4331683,3.892245619999997
0,0,0,1,31.77313209,309,3,-45,,1,-43.45730149,0.1508321,0.384199,1.542698510000001
0,0,0,1,31.20565533,310,4,-135,,1,-135.255048,0.1168783,0.3671963,0.25504799999998795
0,1,1,1,27.9377386,311,4,45,,1,37.77188639,0.1149895,0.4001488,7.228113610000001
0,0,0,1,28.84151553,312,4,30,,1,19.07419553,0.1178622,0.351133,10.92580447
0,0,0,1,30.5927852,313,4,90,,1,92.32590831,0.1488442,0.3672165,2.3259083100000026
0,1,1,1,27.90295498,314,4,45,,1,36.46567117,0.1340288,0.3831791,8.53432883
0,1,1,1,29.55903338,315,4,45,,1,32.67867886,0.1170275,0.4161847,12.321321140000002
0,1,1,1,30.94751705,316,4,45,,1,31.88156634,0.1681394,0.3831576,13.11843366
0,0,0,1,29.92192437,317,4,60,,1,50.18548967,0.1339948,0.3841913,9.814510329999997
0,0,0,1,29.8486537,318,4,-45,,1,-43.27052347,0.133841,0.4002208,1.7294765299999995
0,1,1,1,31.50987045,319,4,45,,1,32.74592923,0.1340232,0.3661687,12.254070769999998
0,0,0,1,31.25847338,320,4,0,,1,-3.481577304,0.1498273,0.3832173,3.481577304
0,0,0,1,29.11789375,321,4,75,,1,61.50557848,0.1688658,0.3491637,13.494421520000003
0,1,1,1,31.19986871,322,4,45,,1,31.93663698,0.1340214,0.3662129,13.06336302
0,0,0,1,30.17929756,323,4,-90,,1,-84.41775892,0.1328684,0.3831923,5.582241080000003
0,1,1,1,30.26902786,324,4,45,,1,35.65935319,0.1679831,0.3171976,9.340646810000003
0,0,0,1,27.60052204,325,4,135,,1,137.189087,0.1498321,0.4171608,2.1890870000000007
0,0,0,1,32.30663672,326,4,15,,1,14.03401844,0.166873,0.3831114,0.9659815599999995
0,1,1,1,29.79112601,327,4,45,,1,35.56613675,0.1500573,0.3841675,9.433863250000002
0,1,1,1,30.12355522,328,4,45,,1,33.39477084,0.1469771,0.3362047,11.60522916
0,1,1,1,30.67772817,329,4,45,,1,30.31822963,0.1340491,0.3331826,14.681770369999999
0,0,0,1,27.76436242,330,4,180,,1,176.3198377,0.1328671,0.3821617,3.6801623000000063
0,1,1,1,29.67141192,331,4,45,,1,29.88012118,0.1170311,0.3511259,15.11987882
0,1,1,1,32.36646568,332,4,45,,1,35.37954628,0.135147,0.3661739,9.62045372
0,1,1,1,28.04672294,333,5,45,,1,39.1990331,0.1159952,0.3991519,5.800966899999999
0,0,0,1,30.01169009,334,5,15,,1,16.14258358,0.1328656,0.3341973,1.1425835800000002
0,1,1,1,31.06122201,335,5,45,,1,34.31487393,0.116987,0.383192,10.685126070000003
0,1,1,1,29.25527526,336,5,45,,1,31.16610599,0.1690135,0.3501899,13.833894010000002
0,0,0,1,30.86432505,337,5,-45,,1,-41.44531714,0.1998555,0.3831686,3.5546828599999998
0,0,0,1,30.13741796,338,5,-135,,1,-130.9318264,0.1518474,0.3171786,4.068173599999994
0,0,0,1,30.47983612,339,5,30,,1,21.89819839,0.1327624,0.4001596,8.101801609999999
0,1,1,1,30.11179228,340,5,45,,1,34.25874687,0.1190488,0.3491543,10.741253129999997
0,0,0,1,29.90232973,341,5,135,,1,139.7320679,0.1489276,0.4001663,4.732067900000004
0,0,0,1,31.12951877,342,5,90,,1,83.88437883,0.1668794,0.4001688,6.115621169999997
0,1,1,1,31.84780522,343,5,45,,1,32.03626015,0.1670427,0.3661633,12.963739850000003
0,0,0,1,30.86107496,344,5,0,,1,-7.572444707,0.1678843,0.382155,7.572444707
0,0,0,1,28.68549633,345,5,75,,1,65.47015524,0.1667933,0.3662388,9.529844760000003
0,1,1,1,30.4485993,346,5,45,,1,35.41700492,0.1000203,0.3343314,9.582995080000003
0,1,1,1,28.45482208,347,5,45,,1,36.67093732,0.1489003,0.3183065,8.32906268
0,1,1,1,30.76235575,348,5,45,,1,38.48979279,0.1308383,0.402366,6.510207209999997
0,1,1,1,29.40576102,349,5,45,,1,34.46620098,0.1501557,0.3330256,10.533799019999996
0,0,0,1,31.47918428,350,5,-90,,1,-82.69073266,0.1338647,0.3831906,7.309267340000005
0,0,0,1,31.8549286,351,5,60,,1,46.07945617,0.1647132,0.4002266,13.92054383
0,1,1,1,30.82341458,352,5,45,,1,30.41762859,0.1351463,0.350154,14.58237141
0,1,1,1,29.24366867,353,5,45,,1,35.0747623,0.1159408,0.366206,9.925237699999997
0,1,1,1,28.38561433,354,5,45,,1,31.26077554,0.1340316,0.3661539,13.739224459999999
0,0,0,1,30.10336604,355,5,180,,1,174.2765972,0.1508782,0.3672149,5.723402800000002
0,1,1,1,31.87412091,356,6,45,,1,35.93889778,0.1169216,0.3502122,9.061102220000002
0,1,1,1,28.8650561,357,6,45,,1,37.8369784,0.1340226,0.3331535,7.1630216
0,0,0,1,29.96286821,358,6,30,,1,20.89187825,0.1158591,0.3841445,9.108121749999999
0,0,0,1,29.46754267,359,6,60,,1,52.91986298,0.1168571,0.3332052,7.080137020000002
0,0,0,1,28.74010003,360,6,-45,,1,-40.26992625,0.166833,0.3331854,4.7300737500000025
0,1,1,1,29.59338807,361,6,45,,1,35.69972802,0.1170122,0.3501512,9.300271979999998
0,1,1,1,30.44469331,362,6,45,,1,37.10471,0.1349681,0.4001851,7.895290000000003
0,0,0,1,30.00165391,363,6,0,,1,1.599395651,0.1498508,0.3832161,1.599395651
0,1,1,1,29.41962804,364,6,45,,1,33.92050861,0.1339744,0.3672133,11.079491390000001
0,0,0,1,30.61150567,365,6,-90,,1,-82.3294512,0.1838337,0.3480679,7.670548800000006
0,0,0,1,31.66495296,366,6,90,,1,84.65385245,0.1508557,0.4171288,5.346147549999998
0,0,0,1,29.06071213,367,6,75,,1,66.01969526,0.1498754,0.3671501,8.980304739999994
0,1,1,1,31.33000809,368,6,45,,1,33.46332659,0.1339613,0.383169,11.536673409999999
0,1,1,1,29.51099102,369,6,45,,1,30.48620582,0.1510008,0.3821751,14.513794180000001
0,0,0,1,30.95811158,370,6,180,,1,176.1841249,0.1329222,0.3671861,3.8158750999999995
0,1,1,1,29.62857914,371,6,45,,1,30.62319157,0.1149962,0.3851792,14.37680843
0,1,1,1,31.23327341,372,6,45,,1,36.20230718,0.1329726,0.3512169,8.797692820000002
0,0,0,1,32.02080202,373,6,135,,1,143.0359988,0.1498062,0.3491782,8.035998799999987
0,1,1,1,30.13769784,374,6,45,,1,34.32245678,0.1150235,0.3851647,10.677543219999997
0,0,0,1,30.16581028,375,6,15,,1,14.81539847,0.151831,0.3661899,0.18460153000000012
0,1,1,1,29.91197901,376,6,45,,1,36.00676536,0.1329906,0.3661648,8.993234639999997
0,1,1,1,29.430942,377,6,45,,1,37.90852047,0.1159574,0.3831807,7.091479530000001
0,0,0,1,30.85293945,378,6,-135,,1,-130.4688407,0.1840397,0.348183,4.531159300000013
0,0,0,1,30.45438706,379,7,30,,1,24.18813036,0.1319115,0.3511664,5.811869640000001
0,1,1,1,28.96751491,380,7,45,,1,39.58610802,0.1330096,0.4161661,5.4138919800000025
0,0,0,1,30.06405646,381,7,-90,,1,-90.90324681,0.1818738,0.351132,0.9032468099999988
0,1,1,1,29.09909476,382,7,45,,1,32.21060194,0.1329015,0.3832935,12.789398060000003
0,1,1,1,28.75643763,383,7,45,,1,35.2273943,0.1330348,0.4001889,9.7726057
0,0,0,1,29.86142857,384,7,180,,1,176.2892871,0.1328041,0.3832491,3.7107129000000043
0,1,1,1,28.61593124,385,7,45,,1,35.90236685,0.1329948,0.417186,9.09763315
0,0,0,1,29.21279893,386,7,-45,,1,-47.56465443,0.1658727,0.3511678,2.5646544299999974
0,1,1,1,28.9293423,387,7,45,,1,33.55398316,0.1490213,0.3501725,11.446016839999999
0,1,1,1,28.79502745,388,7,45,,1,37.6519903,0.1489695,0.3501605,7.348009699999999
0,0,0,1,28.17815955,389,7,75,,1,58.54154953,0.2157864,0.367193,16.458450470000002
0,1,1,1,31.06024152,390,7,45,,1,28.94469994,0.1499301,0.3332596,16.05530006
0,1,1,1,31.11146597,391,7,45,,1,35.40278499,0.1309766,0.3521901,9.59721501
0,1,1,1,30.99931683,392,7,45,,1,37.23730637,0.1660153,0.3171408,7.762693630000001
0,0,0,1,27.04752261,393,7,60,,1,58.41072006,0.1658553,0.3841663,1.5892799399999973
0,0,0,1,27.79688612,394,7,15,,1,14.04908451,0.1668445,0.3662206,0.9509154899999999
0,1,1,1,28.51333838,395,7,45,,1,39.83604945,0.1160175,0.4161932,5.163950550000003
0,0,0,1,28.22517263,396,7,-135,,1,-135.2547096,0.149839,0.3661833,0.2547096000000124
0,0,0,1,29.04619205,397,7,90,,1,86.18218627,0.1658822,0.3671774,3.8178137299999975
0,0,0,1,29.95469971,398,7,135,,1,138.8523721,0.1487838,0.3832028,3.8523720999999966
0,0,0,1,27.23651803,399,7,0,,1,0.635782057,0.1188795,0.466162,0.635782057
0,1,1,1,30.5592317,400,7,45,,1,39.74000589,0.1330155,0.367161,5.259994110000001
0,1,1,1,30.39832323,401,7,45,,1,38.06963178,0.1329938,0.3671472,6.930368219999998
0,1,1,1,29.74052357,402,8,45,,1,38.08249418,0.1160059,0.4181487,6.917505820000002
0,1,1,1,30.06229257,403,8,45,,1,44.23793378,0.1159776,0.4000658,0.7620662200000012
0,1,1,1,29.04270915,404,8,45,,1,46.65456705,0.1329796,0.3822082,1.6545670499999972
0,1,1,1,31.01392668,405,8,45,,1,44.87881626,0.1329738,0.3001627,0.12118373999999932
0,0,0,1,29.49371116,406,8,15,,1,15.60737449,0.1488841,0.6671408,0.6073744899999998
0,0,0,1,28.63250034,407,8,90,,1,83.20311066,0.1508606,0.4501658,6.796889340000007
0,0,0,1,29.53485246,408,8,30,,1,27.73879725,0.1158559,0.4001611,2.261202749999999
0,1,1,1,29.98020362,409,8,45,,1,39.90741293,0.116005,0.3841864,5.09258707
0,0,0,1,30.16837947,410,8,60,,1,52.49073062,0.1488499,0.3341632,7.509269379999999
0,1,1,1,31.29483871,411,8,45,,1,37.48452063,0.1670625,0.4151949,7.515479370000001
0,0,0,1,30.85614496,412,8,-135,,1,-128.6119305,0.1328492,0.4331616,6.3880695
0,1,1,1,26.69532533,413,8,45,,1,41.0023028,0.1169904,0.4151623,3.9976971999999975
0,0,0,1,31.55880162,414,8,180,,1,172.5204676,0.1488773,0.3521406,7.479532400000011
0,0,0,1,29.66783206,415,8,-45,,1,-44.46988065,0.1338477,0.3662126,0.5301193499999997
0,1,1,1,29.76209452,416,8,45,,1,30.09390246,0.1320107,0.3511703,14.906097540000001
0,1,1,1,29.64990699,417,8,45,,1,35.4081959,0.1330346,0.367185,9.591804099999997
0,1,1,1,29.50838491,418,8,45,,1,34.49953848,0.1149704,0.3681915,10.500461520000002
0,0,0,1,30.20703214,419,8,75,,1,71.09402034,0.1668679,0.400174,3.90597966
0,1,1,1,29.71902776,420,8,45,,1,39.43947276,0.151032,0.4331152,5.560527239999999
0,1,1,1,29.74401071,421,8,45,,1,38.244607,0.1489909,0.3341648,6.755392999999998
0,0,0,1,30.73964128,422,8,0,,1,8.660254036,0.1478608,0.3841777,8.660254036
0,0,0,1,30.13485908,423,8,-90,,1,-86.36038014,0.1498561,0.382142,3.6396198599999963
0,0,0,1,29.10708189,424,8,135,,1,131.9697029,0.1829066,0.4831817,3.0302971000000127
0,0,0,1,30.41460727,425,9,180,,1,179.8766079,0.1328104,0.3512024,0.12339209999998957
0,0,0,1,29.36254908,426,9,90,,1,89.83404482,0.1478439,0.3681627,0.16595517999999743
0,0,0,1,29.05890022,427,9,15,,1,7.612104886,0.1328469,0.3662036,7.387895114
0,1,1,1,29.64970402,428,9,45,,1,33.85071903,0.1179708,0.3822374,11.14928097
0,0,0,1,28.32909141,429,9,-135,,1,-134.5931399,0.1328983,0.3831296,0.40686009999998873
0,1,1,1,30.0515038,430,9,45,,1,31.74637211,0.1509969,0.350173,13.25362789
0,0,0,1,29.47662067,431,9,75,,1,55.93986185,0.132818,0.3992072,19.06013815
0,1,1,1,29.98836047,432,9,45,,1,40.34911999,0.1349608,0.4161558,4.650880010000002
0,1,1,1,29.84618819,433,9,45,,1,36.18597207,0.1319578,0.4002047,8.814027930000002
0,0,0,1,30.13626223,434,9,30,,1,23.00077791,0.1337929,0.3502272,6.99922209
0,1,1,1,30.5691324,435,9,45,,1,40.26714495,0.1170118,0.3671815,4.732855049999998
0,1,1,1,30.64023649,436,9,45,,1,36.9658391,0.1330212,0.3841729,8.034160900000003
0,1,1,1,30.42640459,437,9,45,,1,32.97916065,0.149993,0.3501995,12.020839350000003
0,0,0,1,28.23240401,438,9,0,,1,-0.789401042,0.1678331,0.3841969,0.789401042
0,1,1,1,28.98588565,439,9,45,,1,37.50570009,0.1350291,0.4161682,7.494299910000002
0,0,0,1,28.81708332,440,9,135,,1,141.7954748,0.1828549,0.3501546,6.795474799999994
0,1,1,1,29.86707636,441,9,45,,1,34.14970133,0.1339924,0.466196,10.85029867
0,1,1,1,29.55541312,442,9,45,,1,32.84408804,0.1169941,0.3671751,12.155911959999997
0,0,0,1,28.67738529,443,9,-90,,1,-84.44676415,0.1478671,0.3851164,5.553235849999993
0,1,1,1,30.28552683,444,9,45,,1,33.93177807,0.1160604,0.4841406,11.06822193
0,0,0,1,31.56093244,445,9,60,,1,46.05110786,0.1158674,0.4341519,13.948892139999998
0,0,0,1,30.75914423,446,9,-45,,1,-46.08490002,0.1497947,0.4002319,1.0849000199999992
0,1,1,1,28.31423108,447,9,45,,1,38.17021791,0.1320835,0.4001723,6.829782090000002
0,0,0,1,29.03641042,448,10,-135,,1,-136.0424932,0.1498032,0.3502422,1.0424931999999956
0,0,0,1,29.25516706,449,10,15,,1,20.01662702,0.1338245,0.3481931,5.016627020000001
0,1,1,1,29.78547192,450,10,45,,1,38.97133683,0.1329405,0.3842165,6.0286631700000015
0,0,0,1,29.10734089,451,10,30,,1,19.7004382,0.1337957,0.416187,10.2995618
0,0,0,1,31.27311972,452,10,60,,1,51.43877873,0.1498718,0.3511882,8.561221269999997
0,1,1,1,30.67118602,453,10,45,,1,37.88956764,0.1490063,0.3351887,7.110432359999997
0,0,0,1,29.32355556,454,10,75,,1,66.61809671,0.1668242,0.3831546,8.381903289999997
0,1,1,1,30.78921907,455,10,45,,1,34.22586763,0.1689993,0.3501534,10.774132369999997
0,0,0,1,30.59299721,456,10,90,,1,87.49636472,0.1658312,0.4002178,2.5036352799999975
0,0,0,1,29.9999569,457,10,135,,1,135.7572176,0.1519103,0.349166,0.7572175999999899
0,1,1,1,29.82858472,458,10,45,,1,34.67328872,0.132969,0.3831493,10.326711279999998
0,1,1,1,29.53567101,459,10,45,,1,34.59866798,0.1510323,0.333165,10.401332019999998
0,1,1,1,29.28472843,460,10,45,,1,45.90927936,0.2000035,0.4821451,0.9092793599999993
0,1,1,1,29.65801704,461,10,45,,1,35.26672466,0.1679394,0.3322225,9.733275339999999
0,1,1,1,31.33831962,462,10,45,,1,34.33194025,0.1330941,0.3491723,10.668059749999998
0,0,0,1,32.60001969,463,10,180,,1,178.9180931,0.1328026,0.3671832,1.081906900000007
0,1,1,1,30.22080163,464,10,45,,1,33.82496507,0.1319763,0.3682013,11.175034930000002
0,1,1,1,29.65795135,465,10,45,,1,39.47312506,0.1160142,0.4001216,5.526874939999999
0,0,0,1,31.66985736,466,10,0,,1,0.820596501,0.1652747,0.3682273,0.820596501
0,0,0,1,29.46838993,467,10,-90,,1,-88.52946347,0.1658266,0.3672008,1.470536530000004
0,0,0,1,29.03881101,468,10,-45,,1,-38.53344089,0.1658088,0.333244,6.466559109999999
0,1,1,1,30.40163261,469,10,45,,1,36.28573846,0.1489959,0.3501569,8.714261540000003
0,1,1,1,30.65303681,470,10,45,,1,32.7219325,0.1329785,0.3842244,12.278067499999999
0,0,0,0,-0.440114551,471,1,135,You will not receive feedback of any kind for the following reaches.Please continue to slice through the target as quickly and accurately as possible.,1,136.4143734,0.1668575,0.3822026,1.4143733999999881
0,0,0,0,1.736649662,472,1,-90,,1,-85.63325756,0.1328488,0.3820902,4.366742439999996
0,0,0,0,-0.033914917,473,1,15,,1,9.72886133,0.1338613,0.3661953,5.271138669999999
0,0,0,0,-0.233916065,474,1,90,,1,87.46675863,0.1648452,0.4682003,2.533241369999999
0,0,0,0,-0.791256465,475,1,30,,1,23.92501275,0.1508822,0.3489971,6.0749872499999995
0,0,0,0,1.663327724,476,1,-45,,1,-43.45369705,0.1848878,0.3501261,1.5463029499999976
0,0,0,0,1.43128208,477,1,45,,1,41.58980151,0.1318334,0.385136,3.410198489999999
0,0,0,0,-0.638894835,478,1,75,,1,69.2888494,0.1668607,0.3661579,5.711150599999996
0,0,0,0,-0.738680557,479,1,-135,,1,-130.1898635,0.1488399,0.3651041,4.810136499999999
0,0,0,0,-0.042106414,480,1,180,,1,178.7105104,0.1327972,0.4152234,1.289489599999996
0,0,0,0,1.815406995,481,1,60,,1,51.57507054,0.1338793,0.3831745,8.424929460000001
0,0,0,0,0.243081807,482,1,0,,1,-0.387348675,0.1338676,0.3642176,0.387348675
0,0,0,0,-0.413336431,483,2,-135,,1,-131.9346377,0.1659954,0.3341724,3.065362300000004
0,0,0,0,1.3216615,484,2,45,,1,43.7008811,0.1498643,0.4321742,1.2991189000000034
0,0,0,0,0.125572048,485,2,60,,1,51.26464922,0.1659012,0.3351557,8.735350779999997
0,0,0,0,0.139620669,486,2,135,,1,138.584363,0.1327688,0.4012186,3.584362999999996
0,0,0,0,-1.547646431,487,2,-45,,1,-38.5799269,0.1668226,0.3481732,6.420073100000003
0,0,0,0,-0.051046675,488,2,30,,1,28.39155019,0.1327905,0.3662133,1.6084498099999998
0,0,0,0,-0.783269945,489,2,180,,1,178.185838,0.1328707,0.3171396,1.8141620000000103
0,0,0,0,-0.139199031,490,2,90,,1,90.07512937,0.1669094,0.4001109,0.07512936999999908
0,0,0,0,0.080622224,491,2,0,,1,-0.750103826,0.1498537,0.4171016,0.750103826
0,0,0,0,0.813695139,492,2,-90,,1,-91.72509885,0.149849,0.3161671,1.7250988499999949
0,0,0,0,-0.462874326,493,2,75,,1,57.31911521,0.1668439,0.3501763,17.68088479
0,0,0,0,-0.537206837,494,2,15,,1,13.73426918,0.1488699,0.3681426,1.26573082
0,0,0,0,-0.279860165,495,3,0,,1,1.210153457,0.1648062,0.3511614,1.210153457
0,0,0,0,0.773841728,496,3,15,,1,13.06427226,0.1508397,0.3492029,1.9357277400000008
0,0,0,0,1.661794987,497,3,135,,1,135.9134721,0.1838404,0.4001513,0.913472100000007
0,0,0,0,-0.665642439,498,3,-135,,1,-141.7083141,0.1348694,0.3831589,6.7083140999999955
0,0,0,0,1.204593239,499,3,180,,1,179.7781674,0.1678737,0.3161614,0.22183259999999905
0,0,0,0,0.72605823,500,3,-45,,1,-43.1477938,0.1678547,0.3501735,1.8522061999999977
0,0,0,0,-0.221366464,501,3,45,,1,41.29241113,0.0998173,0.4172323,3.707588870000002
0,0,0,0,-0.570527394,502,3,60,,1,54.01854607,0.1518483,0.4001859,5.981453930000001
0,0,0,0,0.042571678,503,3,90,,1,90.49363367,0.1998926,0.3661455,0.49363366999999414
0,0,0,0,-0.899907362,504,3,30,,1,25.35270193,0.1508395,0.382168,4.6472980700000015
0,0,0,0,-0.70143084,505,3,-90,,1,-86.3698507,0.2178064,0.3172229,3.6301492999999994
0,0,0,0,0.219034318,506,3,75,,1,77.76464755,0.201091,0.3641315,2.7646475500000065
0,0,0,0,-0.152510827,507,4,90,,1,91.23831718,0.1838545,0.3331611,1.2383171799999957
0,0,0,0,0.333162936,508,4,135,,1,134.7224367,0.1668974,0.316062,0.27756329999999707
0,0,0,0,-0.667540538,509,4,75,,1,73.30036196,0.2338113,0.3671724,1.6996380399999964
0,0,0,0,1.406741856,510,4,30,,1,32.22109837,0.1998157,1.6171759,2.22109837
0,0,0,0,-0.670715733,511,4,45,,1,43.72255761,0.2158374,0.4322131,1.2774423899999974
0,0,0,0,0.057547811,512,4,0,,1,4.759654222,0.1498076,0.417195,4.759654222
0,0,0,0,-0.39647238,513,4,60,,1,58.00268675,0.198832,0.4191572,1.9973132499999977
0,0,0,0,1.284554763,514,4,180,,1,179.5252316,0.16381,0.353193,0.4747683999999879
0,0,0,0,-0.487171954,515,4,15,,1,15.41658865,0.1488287,0.5321866,0.41658864999999956
0,0,0,0,1.192505807,516,4,-135,,1,-130.4219739,0.1498356,0.3171702,4.578026099999988
0,0,0,0,1.870607044,517,4,-45,,1,-43.17694803,0.1668213,0.3331879,1.8230519700000016
0,0,0,0,0.385428801,518,4,-90,,1,-88.30002784,0.1998408,0.4841876,1.6999721600000015
0,0,0,0,0.137886123,519,5,-45,,1,-43.25177837,0.1658172,0.3842185,1.7482216300000033
0,0,0,0,-0.067693596,520,5,60,,1,54.25425279,0.1998105,0.3672088,5.7457472099999976
0,0,0,0,0.659519517,521,5,0,,1,3.584433042,0.1828723,0.4171927,3.584433042
0,0,0,0,-0.985028153,522,5,45,,1,40.41864878,0.1338172,0.3661972,4.581351220000002
0,0,0,0,-0.691129185,523,5,90,,1,88.7408334,0.1828417,0.3651633,1.2591666000000004
0,0,0,0,1.174602741,524,5,30,,1,19.80246878,0.1488178,0.3491971,10.197531219999998
0,0,0,0,1.105666369,525,5,135,,1,140.5134052,0.1998419,0.3671857,5.513405199999994
0,0,0,0,-1.293764464,526,5,75,,1,76.99920158,0.1998556,0.4161758,1.9992015800000047
0,0,0,0,0.145408022,527,5,15,,1,16.78126882,0.1658447,0.3671557,1.781268820000001
0,0,0,0,-0.200335202,528,5,180,,1,177.5212993,0.1318065,0.351172,2.4787006999999903
0,0,0,0,0.673268334,529,5,-90,,1,-85.62148672,0.199835,0.3331819,4.378513280000007
0,0,0,0,-1.401782859,530,5,-135,,1,-130.6038822,0.1658338,0.3172046,4.396117800000013
0,1,1,0,0.958761417,531,1,-135,"You will now only see the cursor throughout your entire reach.
Please continue to slice through the target as quickly and accurately as possible.",1,-131.9630253,0.1669688,0.3501682,3.036974700000002
0,1,1,0,-0.530310337,532,1,90,,1,92.08718208,0.1659963,0.434131,2.087182080000005
0,1,1,0,-0.453578538,533,1,60,,1,55.42616001,0.1499669,0.4342074,4.573839990000003
0,1,1,0,-1.469756299,534,1,75,,1,74.57547624,0.1490142,0.4341187,0.4245237599999996
0,1,1,0,-0.792331031,535,1,180,,1,178.0962762,0.1329968,0.3341748,1.9037237999999945
0,1,1,0,-0.5865525,536,1,-90,,1,-86.21002165,0.1310034,0.4001951,3.7899783499999984
0,1,1,0,-0.682984449,537,1,135,,1,138.1045881,0.1490111,0.3681622,3.104588100000001
0,1,1,0,0.215074135,538,1,-45,,1,-43.58633445,0.1499898,0.3671678,1.4136655499999975
0,1,1,0,-0.96243958,539,1,45,,1,40.16724411,0.1499723,0.4331977,4.832755890000001
0,1,1,0,-0.954760131,540,1,30,,1,36.90041329,0.1499953,0.4001699,6.900413290000003
0,1,1,0,1.607220908,541,1,0,,1,1.778554328,0.1669125,0.3832643,1.778554328
0,1,1,0,-0.021012466,542,1,15,,1,20.8222973,0.1499525,0.3991897,5.822297299999999
0,1,1,0,0.246303058,543,2,0,,1,5.122436578,0.151033,0.4001842,5.122436578
0,1,1,0,1.097415118,544,2,135,,1,139.8395256,0.181971,0.3002061,4.839525600000002
0,1,1,0,-0.092783465,545,2,-90,,1,-90.15851792,0.2009294,0.3161622,0.1585179199999942
0,1,1,0,1.366143772,546,2,60,,1,55.86526278,0.1669844,0.350178,4.134737219999998
0,1,1,0,0.861571707,547,2,75,,1,77.07967744,0.1830038,0.3821554,2.0796774399999975
0,1,1,0,0.549404091,548,2,-135,,1,-129.6061664,0.1669798,0.3661762,5.393833599999994
0,1,1,0,-0.766306522,549,2,30,,1,25.74165289,0.1669405,0.3502033,4.258347109999999
0,1,1,0,-2.619551262,550,2,15,,1,22.20565319,0.1329845,0.3671794,7.20565319
0,1,1,0,-0.313783036,551,2,-45,,1,-45.57473969,0.1839737,0.3331802,0.5747396900000012
0,1,1,0,0.68633764,552,2,45,,1,39.53764918,0.1329712,0.3671926,5.4623508199999975
0,1,1,0,0.903075257,553,2,90,,1,89.92528454,0.1839984,0.3331513,0.07471545999999307
0,1,1,0,-1.072823405,554,2,180,,1,179.1806789,0.1669456,0.3172133,0.8193210999999962
0,1,1,0,-1.234305864,555,3,0,,1,0.92737587,0.1660136,0.3661898,0.92737587
0,1,1,0,-0.714252738,556,3,30,,1,29.55320028,0.1509992,0.3661803,0.44679972000000134
0,1,1,0,0.012136552,557,3,60,,1,55.11857763,0.1679986,0.3661848,4.881422370000003
0,1,1,0,0.331580163,558,3,-90,,1,-89.00522904,0.1989662,0.4152205,0.9947709599999968
0,1,1,0,-1.877263856,559,3,90,,1,92.54621819,0.1660164,0.4671917,2.5462181900000047
0,1,1,0,-0.457114043,560,3,180,,1,173.6840955,0.1498902,0.4003014,6.315904499999988
0,1,1,0,-0.402054898,561,3,45,,1,42.1224652,0.1509715,0.365179,2.8775347999999994
0,1,1,0,0.129036225,562,3,-135,,1,-131.6494636,0.1330019,0.3011614,3.35053640000001
0,1,1,0,-0.288937912,563,3,135,,1,137.0865907,0.1670613,0.3671881,2.086590699999988
0,1,1,0,-0.111921764,564,3,75,,1,69.89900155,0.1500514,0.3671368,5.100998450000006
0,1,1,0,1.302148787,565,3,-45,,1,-38.94434335,0.1670527,0.3331964,6.055656650000003
0,1,1,0,0.0493773,566,3,15,,1,14.85590186,0.1679913,0.3501837,0.14409814000000054
0,1,1,0,0.342324682,567,4,-135,,1,-133.2163421,0.1349709,0.3672092,1.7836579000000086
0,1,1,0,0.236931095,568,4,-90,,1,-86.46438602,0.1670221,0.3841685,3.5356139799999937
0,1,1,0,-0.677574292,569,4,30,,1,34.54878199,0.1680369,0.3672127,4.548781990000002
0,1,1,0,-1.048213052,570,4,90,,1,100.106472,0.1839817,0.3491783,10.106471999999997
0,1,1,0,0.404005158,571,4,60,,1,52.59255928,0.1489443,0.3841922,7.407440719999997
0,1,1,0,0.971402337,572,4,135,,1,138.3028645,0.1340099,0.3661532,3.3028644999999983
0,1,1,0,-0.941962367,573,4,180,,1,171.3336544,0.1500126,0.3501007,8.6663456
0,1,1,0,0.509603735,574,4,-45,,1,-42.31912368,0.1659777,0.4341771,2.680876320000003
0,1,1,0,1.408718333,575,4,0,,1,4.010135644,0.1820664,0.3851951,4.010135644
0,1,1,0,0.369930892,576,4,15,,1,17.47485497,0.132934,0.3662366,2.474854969999999
0,1,1,0,0.510874861,577,4,45,,1,44.05451478,0.1649987,0.500192,0.9454852200000019
0,1,1,0,-1.070333025,578,4,75,,1,74.54173034,0.183983,0.4501744,0.45826965999999913
0,1,1,0,0.172067825,579,5,180,,1,177.3527152,0.1330063,0.3501912,2.647284799999994
0,1,1,0,0.517977962,580,5,75,,1,80.43465794,0.1840047,0.4311748,5.434657939999994
0,1,1,0,-1.125679315,581,5,30,,1,30.74178876,0.1659989,0.3512276,0.7417887599999986
0,1,1,0,0.373169656,582,5,90,,1,93.3091014,0.1649774,0.4001827,3.309101400000003
0,1,1,0,0.613563312,583,5,-135,,1,-130.93063,0.1519973,0.3331827,4.069369999999992
0,1,1,0,1.173336732,584,5,135,,1,135.7449814,0.148049,0.368136,0.7449814000000003
0,1,1,0,0.402191891,585,5,-90,,1,-88.6558293,0.1839977,0.3662036,1.3441707000000065
0,1,1,0,0.168061834,586,5,-45,,1,-43.74059505,0.1850377,0.3831758,1.2594049499999969
0,1,1,0,-0.586590536,587,5,60,,1,64.77337243,0.1830195,0.4171391,4.773372429999995
0,1,1,0,-0.64852043,588,5,15,,1,19.48735568,0.1670209,0.4001539,4.48735568
0,1,1,0,-1.275130133,589,5,0,,1,4.513203174,0.18394,0.3672307,4.513203174
0,1,1,0,-0.99708286,590,5,45,,1,47.40625102,0.1999644,0.417195,2.406251019999999
