,cursor_vis,endpoint_vis,clamp,rot,trial,cycle_phase,target_angle,instruct_phase,instruct_state,endpoint_theta,movement_time,movement_initiation_time
0,0.0,0.0,0.0,1.3547460476516109,1,1,90,"Please slice through the target as quickly and accurately as possible.
You will not see the cursor during this phase.",1.0,62.927919762007235,0.32985310000003665,2.2532229000000825
0,0.0,0.0,0.0,-0.2886150205915133,2,1,225,,1.0,62.927919762007235,0.2498523000001569,0.5472287999998571
0,0.0,0.0,0.0,-0.7494792191131193,3,1,255,,1.0,62.927919762007235,0.24986390000003667,0.6141761999999744
0,0.0,0.0,0.0,0.9661809927344696,4,1,180,,1.0,62.927919762007235,0.215844000000061,0.5201567999999952
0,0.0,0.0,0.0,-1.3503270271977446,5,1,135,,1.0,62.927919762007235,0.2998536999998578,0.48415619999991577
0,0.0,0.0,0.0,1.6194470894961304,6,1,210,,1.0,62.927919762007235,0.1859027000000424,0.6671713999999156
0,0.0,0.0,0.0,-0.0137706487480261,7,1,45,,1.0,62.927919762007235,0.18279759999995804,0.6362447999999858
0,0.0,0.0,0.0,0.0375990355346739,8,1,0,,1.0,62.927919762007235,0.17983159999994314,0.5341147999999976
0,0.0,0.0,0.0,0.7504844878714645,9,1,240,,1.0,62.927919762007235,0.25000180000006367,0.4871425999999701
0,0.0,0.0,0.0,1.2234570183796472,10,1,315,,1.0,62.927919762007235,0.23294779999991988,0.6470997000001262
0,0.0,0.0,0.0,1.4040313122731167,11,1,195,,1.0,62.927919762007235,0.18286530000000312,0.6170681000000968
0,0.0,0.0,0.0,-0.9878372572036962,12,1,270,,1.0,62.927919762007235,0.23686259999999493,0.4331848000001628
0,0.0,0.0,0.0,1.140722803259406,13,2,0,,1.0,62.927919762007235,0.19985780000001796,0.48320110000008754
0,0.0,0.0,0.0,-0.7963749277367377,14,2,195,,1.0,62.927919762007235,0.1838537000000997,0.48019720000002053
0,0.0,0.0,0.0,-0.9028355089492276,15,2,90,,1.0,62.927919762007235,0.23283720000017638,0.4841732999998385
0,0.0,0.0,0.0,0.4286560682862089,16,2,240,,1.0,62.927919762007235,0.19881499999996777,0.46720669999990605
0,0.0,0.0,0.0,-1.5095187555015606,17,2,135,,1.0,62.927919762007235,0.1998580999998012,0.5161041999999725
0,0.0,0.0,0.0,-1.484324186732597,18,2,210,,1.0,62.927919762007235,0.1869053000000349,0.4831090000000131
0,0.0,0.0,0.0,-0.493825680487274,19,2,180,,1.0,62.927919762007235,0.16684230000009848,0.5831636000000344
0,0.0,0.0,0.0,-0.3353348132318225,20,2,255,,1.0,62.927919762007235,0.19984019999992597,0.516162500000064
0,0.0,0.0,0.0,1.050270547744942,21,2,225,,1.0,62.927919762007235,0.19985620000011295,0.5360270999999557
0,0.0,0.0,0.0,1.429093824250705,22,2,45,,1.0,62.927919762007235,0.2988824999999906,0.7011603999999352
0,0.0,0.0,0.0,-0.5485338374705967,23,2,270,,1.0,62.927919762007235,0.2157904000000599,0.47024720000013076
0,0.0,0.0,0.0,-0.3058561213201387,24,2,315,,1.0,62.927919762007235,0.19985780000001796,0.5330954999999449
0,0.0,0.0,0.0,-0.0253148980896152,25,3,240,,1.0,62.927919762007235,0.2328863000000183,0.6031365999999707
0,0.0,0.0,0.0,0.6512203300931019,26,3,195,,1.0,62.927919762007235,0.2868570999999065,0.9332194000000982
0,0.0,0.0,0.0,-0.3001777503418073,27,3,0,,1.0,62.927919762007235,0.2198095999999623,0.5001903999998376
0,0.0,0.0,0.0,-0.222073860528144,28,3,180,,1.0,62.927919762007235,0.26587399999993977,0.6001512999998795
0,0.0,0.0,0.0,-0.0464261886169752,29,3,225,,1.0,62.927919762007235,0.2668373999999858,0.5791708000001563
0,0.0,0.0,0.0,1.582310553460317,30,3,255,,1.0,62.927919762007235,0.2668860000001132,0.43015890000015133
0,0.0,0.0,0.0,0.3506131215493781,31,3,210,,1.0,62.927919762007235,0.24587130000008983,0.434199499999977
0,0.0,0.0,0.0,0.3786501761598405,32,3,135,,1.0,62.927919762007235,0.28382620000002134,0.5172368999999435
0,0.0,0.0,0.0,0.8728269164770754,33,3,45,,1.0,62.927919762007235,0.19988240000020596,0.5701719999997295
0,0.0,0.0,0.0,-0.7943226025763072,34,3,90,,1.0,62.927919762007235,0.2158465000002252,0.6511958999999479
0,0.0,0.0,0.0,0.7474699676156963,35,3,270,,1.0,62.927919762007235,0.23282579999977315,0.46414599999980055
0,0.0,0.0,0.0,0.7142636784796002,36,3,315,,1.0,62.927919762007235,0.2498156999999992,0.48021449999987453
0,0.0,0.0,0.0,0.2500428060074371,37,4,210,,1.0,62.927919762007235,0.24986189999981434,0.4831707000003007
0,0.0,0.0,0.0,0.4606330730490345,38,4,135,,1.0,62.927919762007235,0.2158262000002651,0.5001857000002019
0,0.0,0.0,0.0,0.05174173315572,39,4,315,,1.0,62.927919762007235,0.21681719999969573,0.5631876000002194
0,0.0,0.0,0.0,-0.6503143000362813,40,4,0,,1.0,62.927919762007235,0.3007991999998012,0.49923850000004677
0,0.0,0.0,0.0,-0.9392916346368816,41,4,195,,1.0,62.927919762007235,0.24985109999988708,0.4171552000002521
0,0.0,0.0,0.0,-0.9505728135984892,42,4,240,,1.0,62.927919762007235,0.23080039999967994,0.4332029000001967
0,0.0,0.0,0.0,0.5680511639763702,43,4,90,,1.0,62.927919762007235,0.23382900000024165,0.6201429999996435
0,0.0,0.0,0.0,-0.2190020202941169,44,4,225,,1.0,62.927919762007235,0.21686150000005,0.4831662999999935
0,0.0,0.0,0.0,-0.4890077163175768,45,4,45,,1.0,62.927919762007235,0.18287259999988237,0.7501738000000842
0,0.0,0.0,0.0,0.1695055768456364,46,4,180,,1.0,62.927919762007235,0.18284170000015365,0.5471958000002815
0,0.0,0.0,0.0,-0.0823757635853631,47,4,255,,1.0,62.927919762007235,0.18382340000016484,0.6301902000000155
0,0.0,0.0,0.0,-0.1021499518386847,48,4,270,,1.0,62.927919762007235,0.19986270000026707,0.4201668000000609
0,0.0,0.0,0.0,-0.4222013982036895,49,5,255,,1.0,62.927919762007235,0.21586359999992055,0.4671846999999616
0,0.0,0.0,0.0,-0.173454525858763,50,5,90,,1.0,62.927919762007235,0.16581760000008217,0.5842384000002312
0,0.0,0.0,0.0,-0.265148918141468,51,5,240,,1.0,62.927919762007235,0.18282230000022537,0.3861634999998387
0,0.0,0.0,0.0,-0.7473406485633096,52,5,0,,1.0,62.927919762007235,0.21587219999992158,0.4341130000002522
0,0.0,0.0,0.0,-1.889825720206888,53,5,45,,1.0,62.927919762007235,0.21984440000005634,0.4991987999997036
0,0.0,0.0,0.0,-1.174739112895039,54,5,135,,1.0,62.927919762007235,0.2328575000001365,0.5002048000001196
0,0.0,0.0,0.0,-0.128598806903035,55,5,180,,1.0,62.927919762007235,0.2168655000000399,0.43314630000031684
0,0.0,0.0,0.0,0.4130205302715379,56,5,315,,1.0,62.927919762007235,0.21688359999961904,0.4501866999999038
0,0.0,0.0,0.0,0.6064350570373572,57,5,210,,1.0,62.927919762007235,0.1968325000002551,0.4001705000000584
0,0.0,0.0,0.0,1.0506986354259291,58,5,225,,1.0,62.927919762007235,0.14988210000001345,0.4301789999999528
0,0.0,0.0,0.0,0.3170182454640113,59,5,195,,1.0,62.927919762007235,0.14584029999969061,0.4341743999998471
0,0.0,0.0,0.0,-0.3604473507065146,60,5,270,,1.0,62.927919762007235,0.19981940000025133,0.3812001000001146
0,1.0,1.0,0.0,1.6696348450021985,61,1,195,"You will now only see the cursor throughout your entire reach.
Please continue to slice through the target as quickly and accurately as possible.",1.0,62.927919762007235,0.19998579999992216,0.48417879999988145
0,1.0,1.0,0.0,1.4254403643669376,62,1,225,,1.0,62.927919762007235,0.19999529999995502,0.7501007000000754
0,1.0,1.0,0.0,0.3117369610828803,63,1,210,,1.0,62.927919762007235,0.2499593000002278,0.5032093999998324
0,1.0,1.0,0.0,2.2531922925757493,64,1,270,,1.0,62.927919762007235,0.19996979999996256,0.780206200000066
0,1.0,1.0,0.0,0.6803342608320702,65,1,240,,1.0,62.927919762007235,0.24992550000024494,0.5842459000000417
0,1.0,1.0,0.0,0.1557994113485925,66,1,135,,1.0,62.927919762007235,0.5319564000001265,0.5382038000002467
0,1.0,1.0,0.0,-0.6834960571572264,67,1,0,,1.0,62.927919762007235,0.6500215000000935,0.5801814999999806
0,1.0,1.0,0.0,0.0714248189387642,68,1,180,,1.0,62.927919762007235,0.7129976999999599,0.4172160999996777
0,1.0,1.0,0.0,1.933739169327778,69,1,90,,1.0,62.927919762007235,1.3000569999999243,0.41715249999970183
0,1.0,1.0,0.0,0.1513498407036807,70,1,315,,1.0,62.927919762007235,0.25002070000027743,0.46713499999987107
0,1.0,1.0,0.0,0.4446814653367478,71,1,255,,1.0,62.927919762007235,0.28301710000005187,0.43318790000012086
0,1.0,1.0,0.0,0.0524601123870461,72,1,45,,1.0,62.927919762007235,0.29699329999994006,0.46915020000005825
0,1.0,1.0,0.0,-0.4295816656468923,73,2,270,,1.0,62.927919762007235,0.29996710000023086,0.517196100000092
0,1.0,1.0,0.0,0.4436039304290707,74,2,210,,1.0,62.927919762007235,0.3169980000002397,0.433064899999863
0,1.0,1.0,0.0,-0.6070656169775794,75,2,180,,1.0,62.927919762007235,0.3659960999998475,0.5171838000001117
0,1.0,1.0,0.0,-0.9655544064495684,76,2,195,,1.0,62.927919762007235,0.3659848000002057,0.41719430000011926
0,1.0,1.0,0.0,-1.2499522530305636,77,2,45,,1.0,62.927919762007235,0.36598380000032193,0.5141222999995989
0,1.0,1.0,0.0,1.4691168705943325,78,2,255,,1.0,62.927919762007235,0.46604459999980463,0.35316029999967213
0,1.0,1.0,0.0,1.6524019934716223,79,2,315,,1.0,62.927919762007235,0.4030112000000372,0.3830935999999383
0,1.0,1.0,0.0,-0.8797222162807607,80,2,135,,1.0,62.927919762007235,0.4199446999996326,0.3502051999998912
0,1.0,1.0,0.0,-0.7381413770956207,81,2,240,,1.0,62.927919762007235,0.3000669000002745,0.5781047000000399
0,1.0,1.0,0.0,0.8852049363541562,82,2,90,,1.0,62.927919762007235,0.2499975999999151,0.48319050000009156
0,1.0,1.0,0.0,-1.886102592589316,83,2,225,,1.0,62.927919762007235,0.27996580000035465,0.46500849999983984
0,1.0,1.0,0.0,0.2895828393977954,84,2,0,,1.0,62.927919762007235,0.36702500000001237,0.449168500000269
0,1.0,1.0,0.0,-0.2600994987318631,85,3,225,,1.0,62.927919762007235,0.21598740000035832,0.4671941000001425
0,1.0,1.0,0.0,1.0017292395927964,86,3,210,,1.0,62.927919762007235,0.383041200000207,0.4841449000000466
0,1.0,1.0,0.0,1.5875355590074125,87,3,90,,1.0,62.927919762007235,0.34996319999982006,0.5171682999998666
0,1.0,1.0,0.0,-0.426652235022954,88,3,195,,1.0,62.927919762007235,0.33295899999984613,0.4641921999996157
0,1.0,1.0,0.0,-0.5047120951971253,89,3,135,,1.0,62.927919762007235,0.5639197999998942,0.4172369000002618
0,1.0,1.0,0.0,0.81049995672032,90,3,45,,1.0,62.927919762007235,0.41697860000022047,0.4472176999997828
0,1.0,1.0,0.0,0.919669401271244,91,3,240,,1.0,62.927919762007235,0.34700599999996484,0.41718330000003334
0,1.0,1.0,0.0,-0.1665816567170338,92,3,315,,1.0,62.927919762007235,0.5669788999998673,0.5171658000003845
0,1.0,1.0,0.0,-0.5441485624251211,93,3,180,,1.0,62.927919762007235,0.7190411999999924,0.5341956000002028
0,1.0,1.0,0.0,-0.3911052681990672,94,3,270,,1.0,62.927919762007235,0.7529817999998158,0.4672200999998495
0,1.0,1.0,0.0,-0.5529359299867321,95,3,0,,1.0,62.927919762007235,0.46601360000022396,0.45413830000006783
0,1.0,1.0,0.0,-0.5911041495345671,96,3,255,,1.0,62.927919762007235,2.5330463999998756,0.40019740000025195
0,1.0,1.0,0.0,0.4074576338564978,97,4,135,,1.0,62.927919762007235,0.35296910000033677,0.40016890000015337
0,1.0,1.0,0.0,0.308468648697813,98,4,45,,1.0,62.927919762007235,0.26597460000039064,0.3671918000000005
0,1.0,1.0,0.0,0.5486645039243182,99,4,240,,1.0,62.927919762007235,0.3000205999996979,0.4662132999997084
0,1.0,1.0,0.0,0.4781919482523683,100,4,270,,1.0,62.927919762007235,0.34702599999991435,0.41722249999975247
0,1.0,1.0,0.0,-0.014814646710836,101,4,225,,1.0,62.927919762007235,0.2830033000000185,0.49722109999993336
0,1.0,1.0,0.0,-0.0857139123466913,102,4,315,,1.0,62.927919762007235,0.3470185000001038,0.6872000000003027
0,1.0,1.0,0.0,-0.1948585589306749,103,4,180,,1.0,62.927919762007235,0.2829526000000442,0.462217000000237
0,1.0,1.0,0.0,-1.0788188973476585,104,4,195,,1.0,62.927919762007235,0.43096490000016274,0.48221300000022893
0,1.0,1.0,0.0,1.528050411465659,105,4,90,,1.0,62.927919762007235,0.40001759999995556,0.4812182999999095
0,1.0,1.0,0.0,1.944803596345524,106,4,210,,1.0,62.927919762007235,0.19990820000020904,0.6032347999998819
0,1.0,1.0,0.0,-1.3609355137711212,107,4,0,,1.0,62.927919762007235,0.5800074999997378,0.38419870000006995
0,1.0,1.0,0.0,-0.6872665811272829,108,4,255,,1.0,62.927919762007235,1.0839771999999357,0.48021230000040305
0,1.0,1.0,0.0,0.506174556429071,109,5,135,,1.0,62.927919762007235,0.2329632999999376,0.5841983000000255
0,1.0,1.0,0.0,0.9864014721090392,110,5,210,,1.0,62.927919762007235,0.31998620000013034,0.4501703999999336
0,1.0,1.0,0.0,0.1553439758758728,111,5,240,,1.0,62.927919762007235,0.2659487999999328,0.6702467999998589
0,1.0,1.0,0.0,0.3580662279597195,112,5,195,,1.0,62.927919762007235,0.3869513999998162,0.4162157999999181
0,1.0,1.0,0.0,0.0712125250546502,113,5,255,,1.0,62.927919762007235,0.434044200000244,0.4361659999999574
0,1.0,1.0,0.0,-0.5473362986693183,114,5,315,,1.0,62.927919762007235,0.32997919999979786,0.40019660000007207
0,1.0,1.0,0.0,-1.0450029819227948,115,5,225,,1.0,62.927919762007235,0.41700810000020283,0.46418560000029174
0,1.0,1.0,0.0,0.0585503109646739,116,5,45,,1.0,62.927919762007235,0.383013199999823,0.5011865000001308
0,1.0,1.0,0.0,0.709727929748282,117,5,270,,1.0,62.927919762007235,0.3629884000001766,0.4842228999996223
0,1.0,1.0,0.0,1.0465004468262342,118,5,180,,1.0,62.927919762007235,0.4830237000001034,0.6621571999999105
0,1.0,1.0,0.0,-0.5959789698276472,119,5,90,,1.0,62.927919762007235,0.23298079999995025,0.38115430000016204
0,1.0,1.0,0.0,-1.1321731663439452,120,5,0,,1.0,62.927919762007235,0.4500155000000632,0.5142071000000215
0,1.0,1.0,1.0,29.588267415310888,121,1,225,"The cursor feedback is now clamped.
The location of the endpoint feedback is random.
It  has nothing to do with how accurately you reach.
Please do your best to ignore the cursor feedback and continue slicing directly through the target.",1.0,62.927919762007235,0.41298909999977695,0.3871726999996099
0,1.0,1.0,1.0,31.10515410703708,122,2,225,,1.0,62.927919762007235,0.2829689000000144,3.3532915999999204
0,1.0,1.0,1.0,29.8032173117131,123,3,225,,1.0,62.927919762007235,0.2499817000002622,0.550184199999876
0,1.0,1.0,1.0,30.421877635159557,124,4,225,,1.0,62.927919762007235,0.19997539999985747,0.5972191000000748
0,1.0,1.0,1.0,30.303063560317455,125,5,225,,1.0,62.927919762007235,0.19999409999991258,0.5301899999999478
0,1.0,1.0,1.0,28.80915915143859,126,6,225,,1.0,62.927919762007235,0.19996479999963412,0.5471638999997595
0,1.0,1.0,1.0,27.961341524716843,127,7,225,,1.0,62.927919762007235,0.1829702999998517,0.6001615999998648
0,1.0,1.0,1.0,29.58365812664342,128,8,225,,1.0,62.927919762007235,0.16597490000003745,0.5500778000000537
0,1.0,1.0,1.0,29.497141513416324,129,9,225,,1.0,62.927919762007235,0.16700040000023364,0.5702165999996396
0,1.0,1.0,1.0,30.093989924259,130,10,225,,1.0,62.927919762007235,0.16700369999989562,0.6661846000001788
0,1.0,1.0,1.0,31.340925381476257,131,11,225,,1.0,62.927919762007235,0.21900159999995594,0.48418300000003
0,1.0,1.0,1.0,28.758928601625414,132,12,225,,1.0,62.927919762007235,0.2000133999999889,0.5031748000001244
0,1.0,1.0,1.0,29.741080681534232,133,13,225,,1.0,62.927919762007235,0.1810246999998526,0.5661681999999928
0,1.0,1.0,1.0,32.117558093165826,134,14,225,,1.0,62.927919762007235,0.19995689999996102,0.45421540000006644
0,1.0,1.0,1.0,29.89204914314459,135,15,225,,1.0,62.927919762007235,0.1999681000002056,0.45022170000038386
0,1.0,1.0,1.0,29.638732832796887,136,16,225,,1.0,62.927919762007235,0.1840778999999202,0.5671299000000545
0,1.0,1.0,1.0,30.88423689294172,137,17,225,,1.0,62.927919762007235,0.1830339000002823,0.43315890000030777
0,1.0,1.0,1.0,30.71171290484003,138,18,225,,1.0,62.927919762007235,0.16595939999979237,0.4001876000002085
0,1.0,1.0,1.0,29.329948511941424,139,19,225,,1.0,62.927919762007235,0.20102799999995113,0.653172700000141
0,1.0,1.0,1.0,29.160727572214512,140,20,225,,1.0,62.927919762007235,0.20002599999997983,0.43104619999985516
0,1.0,1.0,1.0,30.549609199588154,141,21,225,,1.0,62.927919762007235,0.16702380000015182,0.5140105999998923
0,1.0,1.0,1.0,28.17457188911433,142,22,225,,1.0,62.927919762007235,0.16695019999997385,0.49697920000016893
0,1.0,1.0,1.0,31.28972195736818,143,23,225,,1.0,62.927919762007235,0.16598729999986972,0.4001834999999119
0,1.0,1.0,1.0,30.276772938911986,144,24,225,,1.0,62.927919762007235,0.1659394000002976,0.48415150000028007
0,1.0,1.0,1.0,30.204397686551797,145,25,225,,1.0,62.927919762007235,0.13297879999981888,0.4841884999996182
0,1.0,1.0,1.0,30.35588358605045,146,26,225,,1.0,62.927919762007235,0.16699190000008457,0.46721730000035677
0,1.0,1.0,1.0,29.86111470809556,147,27,225,,1.0,62.927919762007235,0.17998530000022583,0.6331622999996398
0,1.0,1.0,1.0,31.02113145743837,148,28,225,,1.0,62.927919762007235,0.14999360000001616,0.43317190000016126
0,1.0,1.0,1.0,29.36942300053286,149,29,225,,1.0,62.927919762007235,0.11601229999996576,0.4701399999999012
0,1.0,1.0,1.0,31.000623279426485,150,30,225,,1.0,62.927919762007235,0.11696689999962473,0.40016160000004675
0,1.0,1.0,1.0,29.62418712876711,151,31,225,,1.0,62.927919762007235,0.14999679999982618,0.46719819999998435
0,1.0,1.0,1.0,29.99971348554565,152,32,225,,1.0,62.927919762007235,0.11695759999975053,0.48020379999979923
0,1.0,1.0,1.0,29.429249919222475,153,33,225,,1.0,62.927919762007235,0.16601550000041243,0.48414999999977226
0,1.0,1.0,1.0,28.46161418950551,154,34,225,,1.0,62.927919762007235,0.1830362000000605,0.3671641000000818
0,1.0,1.0,1.0,30.764642806916005,155,35,225,,1.0,62.927919762007235,0.13505599999962214,1.004192299999886
0,1.0,1.0,1.0,30.12822138329186,156,36,225,,1.0,62.927919762007235,0.13398259999985385,0.4331744000000981
0,1.0,1.0,1.0,28.14423297243841,157,37,225,,1.0,62.927919762007235,0.15004159999989497,0.5501213000002281
0,1.0,1.0,1.0,29.176781179185497,158,38,225,,1.0,62.927919762007235,0.14804099999992104,0.8691585999999916
0,1.0,1.0,1.0,30.662224327286804,159,39,225,,1.0,62.927919762007235,0.1660370999998122,0.38321769999993194
0,1.0,1.0,1.0,31.50907406283488,160,40,225,,1.0,62.927919762007235,0.13699459999997998,0.4661908000002768
0,1.0,1.0,1.0,29.38567895044152,161,41,225,,1.0,62.927919762007235,0.1830218000000059,0.3461400000001049
0,1.0,1.0,1.0,31.65890691709529,162,42,225,,1.0,62.927919762007235,0.1660228000000643,0.3841623999996955
0,1.0,1.0,1.0,30.2158810208376,163,43,225,,1.0,62.927919762007235,0.14997840000023643,0.46719660000007934
0,1.0,1.0,1.0,30.752041272691116,164,44,225,,1.0,62.927919762007235,0.16698559999986173,0.35022220000018933
0,1.0,1.0,1.0,30.02999704694629,165,45,225,,1.0,62.927919762007235,0.15000240000017584,0.3671534000000065
0,1.0,1.0,1.0,32.25819816113372,166,46,225,,1.0,62.927919762007235,0.13001759999997375,0.3842066000001978
0,1.0,1.0,1.0,30.64105646114306,167,47,225,,1.0,62.927919762007235,0.1800783000003321,0.38117130000000543
0,1.0,1.0,1.0,28.418695492536614,168,48,225,,1.0,62.927919762007235,0.13103840000030686,0.5701274999996713
0,1.0,1.0,1.0,31.144820962065605,169,49,225,,1.0,62.927919762007235,0.13297000000011394,0.3671668999995745
0,1.0,1.0,1.0,29.91052781366697,170,50,225,,1.0,62.927919762007235,0.13305669999999736,0.4010984000001372
0,1.0,1.0,1.0,29.431642503700225,171,51,225,,1.0,62.927919762007235,0.11697929999991175,0.5831849999999577
0,1.0,1.0,1.0,30.00823641329041,172,52,225,,1.0,62.927919762007235,0.11603430000013759,0.45021419999966383
0,1.0,1.0,1.0,29.94501901876656,173,53,225,,1.0,62.927919762007235,0.13893180000013672,0.4992368000002898
0,1.0,1.0,1.0,30.906812572918856,174,54,225,,1.0,62.927919762007235,0.09999779999998282,0.4341378999997687
0,1.0,1.0,1.0,31.241618902664847,175,55,225,,1.0,62.927919762007235,0.1330047999999806,1.2472225000001345
0,1.0,1.0,1.0,30.64252642177945,176,56,225,,1.0,62.927919762007235,0.17005180000023756,0.433202700000038
0,1.0,1.0,1.0,30.254006789329758,177,57,225,,1.0,62.927919762007235,0.13100370000029216,0.5161708000000544
0,1.0,1.0,1.0,29.8934419019952,178,58,225,,1.0,62.927919762007235,0.1670072999995682,0.36410879999993995
0,1.0,1.0,1.0,31.66593461037366,179,59,225,,1.0,62.927919762007235,0.1831142999999429,0.3831264000000374
0,1.0,1.0,1.0,31.759934850641063,180,60,225,,1.0,62.927919762007235,0.14999549999993178,0.5170990999999958
0,1.0,1.0,1.0,30.64174211939378,181,61,225,,1.0,62.927919762007235,0.15101240000012695,0.4001388000001498
0,1.0,1.0,1.0,30.16869182687785,182,62,225,,1.0,62.927919762007235,0.1470165000000634,0.5171918999999434
0,1.0,1.0,1.0,30.014225575989972,183,63,225,,1.0,62.927919762007235,0.15001499999971202,0.5491692000000512
0,1.0,1.0,1.0,30.83053389117775,184,64,225,,1.0,62.927919762007235,0.20005920000039623,0.43416130000014164
0,1.0,1.0,1.0,30.418808861833497,185,65,225,,1.0,62.927919762007235,0.15004159999989497,0.7502593999997771
0,1.0,1.0,1.0,29.08041878616216,186,66,225,,1.0,62.927919762007235,0.1499761000000035,0.3671219000002566
0,1.0,1.0,1.0,30.40506784678697,187,67,225,,1.0,62.927919762007235,0.13301010000031965,0.47019330000011905
0,1.0,1.0,1.0,27.98012387124553,188,68,225,,1.0,62.927919762007235,0.152958099999978,0.35016019999966375
0,1.0,1.0,1.0,28.32700949731595,189,69,225,,1.0,62.927919762007235,0.09996589999991556,0.4131898000000547
0,1.0,1.0,1.0,31.764229260788632,190,70,225,,1.0,62.927919762007235,0.19999950000010358,0.033230900000035035
0,1.0,1.0,1.0,30.449509976140376,191,71,225,,1.0,62.927919762007235,0.18303949999972247,1.1502527000002374
0,1.0,1.0,1.0,29.90775218500073,192,72,225,,1.0,62.927919762007235,0.14996339999970587,1.3162121000000297
0,1.0,1.0,1.0,30.041040166146505,193,73,225,,1.0,62.927919762007235,0.1669486999999208,0.6142542000002322
0,1.0,1.0,1.0,31.1891861847458,194,74,225,,1.0,62.927919762007235,0.25002439999980197,0.38317400000005364
0,1.0,1.0,1.0,32.452520875948586,195,75,225,,1.0,62.927919762007235,0.21999249999998938,0.41719160000002375
0,1.0,1.0,1.0,30.283000021662257,196,76,225,,1.0,62.927919762007235,0.16730879999977333,0.4001638000004277
0,1.0,1.0,1.0,30.056443252392885,197,77,225,,1.0,62.927919762007235,0.21707569999989573,0.3632029999998849
0,1.0,1.0,1.0,29.09997476466524,198,78,225,,1.0,62.927919762007235,0.15105029999995168,0.40019029999984923
0,1.0,1.0,1.0,28.10862193675389,199,79,225,,1.0,62.927919762007235,0.14997760000005655,0.7132055000001856
0,1.0,1.0,1.0,29.394733303954027,200,80,225,,1.0,62.927919762007235,0.13704370000004928,0.3660856000001331
0,1.0,1.0,1.0,30.707573350481194,201,81,225,,1.0,62.927919762007235,0.19999639999969077,0.36612949999971534
0,1.0,1.0,1.0,30.231697378153505,202,82,225,,1.0,62.927919762007235,0.1830062999997608,0.35011660000009215
0,1.0,1.0,1.0,30.0339398059327,203,83,225,,1.0,62.927919762007235,0.15000350000036633,0.400181099999827
0,1.0,1.0,1.0,29.778053353869804,204,84,225,,1.0,62.927919762007235,0.16601070000024265,0.4371822000002794
0,1.0,1.0,1.0,29.84465813034817,205,85,225,,1.0,62.927919762007235,0.2810994000001301,0.33316930000000866
0,1.0,1.0,1.0,29.027746844846757,206,86,225,,1.0,62.927919762007235,0.20006060000014259,0.46617379999997866
0,1.0,1.0,1.0,30.37946828950581,207,87,225,,1.0,62.927919762007235,0.20004770000014105,0.400076700000227
0,1.0,1.0,1.0,29.68614900040184,208,88,225,,1.0,62.927919762007235,0.26594410000006974,0.31726350000008097
0,1.0,1.0,1.0,29.9809536838282,209,89,225,,1.0,62.927919762007235,0.22999290000007022,0.40019980000033684
0,1.0,1.0,1.0,30.861591732833453,210,90,225,,1.0,62.927919762007235,0.16704889999982697,0.40012209999986226
0,1.0,1.0,1.0,29.60089173119657,211,91,225,,1.0,62.927919762007235,0.1840026999998372,0.5332686000001559
0,1.0,1.0,1.0,29.880931729642704,212,92,225,,1.0,62.927919762007235,0.16905240000005506,0.383152699999755
0,1.0,1.0,1.0,28.692727436029447,213,93,225,,1.0,62.927919762007235,0.11699619999990318,0.39714039999989836
0,1.0,1.0,1.0,30.65976736278524,214,94,225,,1.0,62.927919762007235,0.16605350000008912,0.38418799999999464
0,1.0,1.0,1.0,28.646892776253797,215,95,225,,1.0,62.927919762007235,0.11701180000000022,0.43319900000005873
0,1.0,1.0,1.0,28.472841140178467,216,96,225,,1.0,62.927919762007235,0.11701579999999012,0.3811745000002702
0,1.0,1.0,1.0,29.61426111580412,217,97,225,,1.0,62.927919762007235,0.11705410000013217,0.4331483999999364
0,1.0,1.0,1.0,28.869973986837163,218,98,225,,1.0,62.927919762007235,0.13300619999972696,0.4201656999998704
0,1.0,1.0,1.0,30.70270802515529,219,99,225,,1.0,62.927919762007235,0.13398199999983262,0.30019190000029994
0,1.0,1.0,1.0,29.03119456882005,220,100,225,,1.0,62.927919762007235,0.11703559999978097,0.5331417000002148
0,1.0,1.0,1.0,28.634144513951625,221,101,225,,1.0,62.927919762007235,0.11603999999988446,0.350155800000266
0,1.0,1.0,1.0,30.251900738443165,222,102,225,,1.0,62.927919762007235,0.13397170000007463,0.3671292999997604
0,1.0,1.0,1.0,29.757961675753403,223,103,225,,1.0,62.927919762007235,0.11699159999989206,0.3691870000002382
0,1.0,1.0,1.0,31.79379093550004,224,104,225,,1.0,62.927919762007235,0.11696369999981471,0.34923639999988154
0,1.0,1.0,1.0,30.064675926973678,225,105,225,,1.0,62.927919762007235,0.08402719999958208,0.36615389999997205
0,1.0,1.0,1.0,27.076765793585764,226,106,225,,1.0,62.927919762007235,0.3799487000001136,0.08317089999991367
0,1.0,1.0,1.0,29.36803318711684,227,107,225,,1.0,62.927919762007235,0.21688630000016929,0.40030120000028546
0,1.0,1.0,1.0,29.732780601247235,228,108,225,,1.0,62.927919762007235,0.16696520000004966,0.4001704000002064
0,1.0,1.0,1.0,30.14796764832875,229,109,225,,1.0,62.927919762007235,0.11301770000000033,0.5202082000000701
0,1.0,1.0,1.0,29.634183024797363,230,110,225,,1.0,62.927919762007235,0.16699560000006386,3.130229099999724
0,1.0,1.0,1.0,29.44545907843402,231,111,225,,1.0,62.927919762007235,0.1330484999998589,0.5001529999999548
0,1.0,1.0,1.0,29.02186020060472,232,112,225,,1.0,62.927919762007235,0.1830181000000266,0.5172091999997974
0,1.0,1.0,1.0,29.698628175068052,233,113,225,,1.0,62.927919762007235,0.13309019999996963,0.5671809000000394
0,1.0,1.0,1.0,30.674471243372,234,114,225,,1.0,62.927919762007235,0.15003630000001067,0.4172107999997934
0,1.0,1.0,1.0,28.705442007140405,235,115,225,,1.0,62.927919762007235,0.13399509999999282,0.4961763000001156
0,1.0,1.0,1.0,28.93271226669497,236,116,225,,1.0,62.927919762007235,0.11604720000013913,0.5171651999999085
0,1.0,1.0,1.0,31.616178147913484,237,117,225,,1.0,62.927919762007235,0.13305020000007062,0.4011651000000711
0,1.0,1.0,1.0,29.76825561491876,238,118,225,,1.0,62.927919762007235,0.1510140999998839,0.4161557000002176
0,1.0,1.0,1.0,29.644774765573786,239,119,225,,1.0,62.927919762007235,0.14997589999984484,0.41617459999997664
0,1.0,1.0,1.0,28.49777573122617,240,120,225,,1.0,62.927919762007235,0.11616689999982555,0.5001793999999791
0,1.0,1.0,1.0,29.69446208321865,241,1,225,"You will now be asked to reach to targets that you have not yet reached to.
You will not receive feedback of any kind for these reaches.Please continue to slice through the target as quickly and accurately as possible.",1.0,62.927919762007235,0.09894420000000537,0.4512326000003668
0,1.0,1.0,1.0,30.91201437442334,242,1,225,,1.0,62.927919762007235,0.15002980000008392,0.40021840000008524
0,0.0,0.0,1.0,30.21055822801137,243,1,45,,1.0,62.927919762007235,4.185928299999887,1.531175600000097
0,0.0,0.0,1.0,31.107054203917656,244,1,135,,1.0,62.927919762007235,0.23289109999996072,1.7341349999996964
0,0.0,0.0,1.0,31.496932142336195,245,1,210,,1.0,62.927919762007235,0.21688010000025315,0.7801979000000756
0,0.0,0.0,1.0,29.688762780394622,246,1,180,,1.0,62.927919762007235,0.28384860000005574,0.4831837000001542
0,1.0,1.0,1.0,30.204142973217564,247,1,225,,1.0,62.927919762007235,0.16698770000039076,0.5331848000000718
0,0.0,0.0,1.0,29.284690395268605,248,1,195,,1.0,62.927919762007235,0.2168312999997397,0.44722379999984696
0,0.0,0.0,1.0,28.954775907862647,249,1,270,,1.0,62.927919762007235,0.2998443000001316,0.9461966999997458
0,0.0,0.0,1.0,29.631700825966828,250,1,315,,1.0,62.927919762007235,0.21684240000013233,0.6841733999999633
0,1.0,1.0,1.0,31.23585933538476,251,1,225,,1.0,62.927919762007235,0.13301619999992909,0.6671860999999808
0,0.0,0.0,1.0,29.611548958763663,252,1,90,,1.0,62.927919762007235,0.2167912999998407,0.820220000000063
0,1.0,1.0,1.0,32.054762380197765,253,1,225,,1.0,62.927919762007235,0.16695460000028106,0.5831932000000961
0,0.0,0.0,1.0,29.917446939980984,254,1,0,,1.0,62.927919762007235,0.14971859999968729,0.4833193999998002
0,1.0,1.0,1.0,30.800047281778063,255,1,225,,1.0,62.927919762007235,0.13400709999996252,0.5031815000002098
0,1.0,1.0,1.0,29.702577426127828,256,1,225,,1.0,62.927919762007235,0.13401919999978418,0.47015689999989263
0,1.0,1.0,1.0,30.59966813195059,257,1,225,,1.0,62.927919762007235,0.13301979999960167,0.48615460000019084
0,1.0,1.0,1.0,28.575785706389635,258,1,225,,1.0,62.927919762007235,0.13400339999998323,0.5131492999998954
0,0.0,0.0,1.0,29.978881227076407,259,1,255,,1.0,62.927919762007235,0.18283719999999448,0.5172317999999905
0,1.0,1.0,1.0,29.422065065727008,260,1,225,,1.0,62.927919762007235,0.11701799999991636,0.48313569999982064
0,0.0,0.0,1.0,30.2519570863426,261,1,240,,1.0,62.927919762007235,0.15384839999978794,0.4831778000002487
0,1.0,1.0,1.0,31.77126683995185,262,1,225,,1.0,62.927919762007235,0.13285829999995258,0.4812606999998934
0,1.0,1.0,1.0,29.983661168838204,263,1,225,,1.0,62.927919762007235,0.13394079999989117,0.49923390000003565
0,1.0,1.0,1.0,27.277195035271404,264,2,225,,1.0,62.927919762007235,0.1340330000002723,0.4331468999998833
0,0.0,0.0,1.0,32.185174642258886,265,2,135,,1.0,62.927919762007235,0.1668862999999874,0.5001907999999275
0,0.0,0.0,1.0,30.56094821812881,266,2,45,,1.0,62.927919762007235,0.13380880000022444,0.5031820999997763
0,1.0,1.0,1.0,30.03428445006128,267,2,225,,1.0,62.927919762007235,0.16990069999974367,0.5162952999999106
0,0.0,0.0,1.0,30.94283976658337,268,2,240,,1.0,62.927919762007235,0.13386910000008356,0.6161789999996472
0,0.0,0.0,1.0,32.13168614427987,269,2,270,,1.0,62.927919762007235,0.16688169999997626,0.7028964999999516
0,1.0,1.0,1.0,30.16470382698552,270,2,225,,1.0,62.927919762007235,0.11699299999963841,0.5331683999997949
0,1.0,1.0,1.0,28.08033260604722,271,2,225,,1.0,62.927919762007235,0.11602020000009361,0.5171221000000514
0,1.0,1.0,1.0,28.747464596759755,272,2,225,,1.0,62.927919762007235,0.11597399999982372,0.45019170000023223
0,0.0,0.0,1.0,30.06643057271653,273,2,0,,1.0,62.927919762007235,0.16688310000017736,0.5191946999998436
0,1.0,1.0,1.0,30.3553757658165,274,2,225,,1.0,62.927919762007235,0.11599370000021736,0.5669718999997713
0,1.0,1.0,1.0,30.23175026016687,275,2,225,,1.0,62.927919762007235,0.1329344000000674,0.5359499000001051
0,1.0,1.0,1.0,30.16735484961101,276,2,225,,1.0,62.927919762007235,0.1330216000001201,0.5001798000002964
0,1.0,1.0,1.0,30.277844926523457,277,2,225,,1.0,62.927919762007235,0.11704909999980373,0.46614499999986947
0,1.0,1.0,1.0,29.524521830697218,278,2,225,,1.0,62.927919762007235,0.13397010000016962,0.5661957000002076
0,0.0,0.0,1.0,29.808791171529105,279,2,255,,1.0,62.927919762007235,0.16685160000042742,0.683199500000228
0,0.0,0.0,1.0,30.521766972614756,280,2,90,,1.0,62.927919762007235,0.16684089999989737,0.6161587999999938
0,1.0,1.0,1.0,30.86274438812432,281,2,225,,1.0,62.927919762007235,0.16603889999987587,0.5999111000000994
0,0.0,0.0,1.0,29.477980168834968,282,2,315,,1.0,62.927919762007235,0.1658066999998482,0.8532122999999956
0,0.0,0.0,1.0,30.131301736819346,283,2,195,,1.0,62.927919762007235,0.16688219999969078,0.6671708999997463
0,0.0,0.0,1.0,31.0098774142962,284,2,210,,1.0,62.927919762007235,0.16688330000033602,0.6171307999998135
0,1.0,1.0,1.0,30.966865597759902,285,2,225,,1.0,62.927919762007235,0.13603759999978138,0.6001876000000266
0,0.0,0.0,1.0,30.97425029050124,286,2,180,,1.0,62.927919762007235,0.1839073000001008,0.4661304999999629
0,1.0,1.0,1.0,30.262095097861334,287,3,225,,1.0,62.927919762007235,0.11597340000025724,0.6331940999998551
0,1.0,1.0,1.0,30.36601726548073,288,3,225,,1.0,62.927919762007235,0.13202360000013869,0.538170799999989
0,1.0,1.0,1.0,30.241368239010807,289,3,225,,1.0,62.927919762007235,0.11703220000026704,0.47016359999997803
0,1.0,1.0,1.0,29.085640096990463,290,3,225,,1.0,62.927919762007235,0.13302969999995184,0.5501644000000852
0,0.0,0.0,1.0,29.44357996286324,291,3,315,,1.0,62.927919762007235,0.19987929999979315,0.5471623000003092
0,0.0,0.0,1.0,30.397305503466274,292,3,180,,1.0,62.927919762007235,0.1659340000001066,0.43615470000031564
0,1.0,1.0,1.0,28.43745979714856,293,3,225,,1.0,62.927919762007235,0.1669387000001734,0.5002305000002707
0,1.0,1.0,1.0,30.522424393766517,294,3,225,,1.0,62.927919762007235,0.1840367999998307,0.5131575000000339
0,0.0,0.0,1.0,30.41467195823661,295,3,135,,1.0,62.927919762007235,0.18382459999975254,0.416183600000295
0,1.0,1.0,1.0,31.818525750312038,296,3,225,,1.0,62.927919762007235,0.11690809999981866,0.5332447999999204
0,1.0,1.0,1.0,30.07455319936664,297,3,225,,1.0,62.927919762007235,0.1340330000002723,0.5661528999999064
0,0.0,0.0,1.0,29.59915569106481,298,3,45,,1.0,62.927919762007235,0.1339072999999189,0.5701587999997173
0,0.0,0.0,1.0,29.610244473578348,299,3,270,,1.0,62.927919762007235,0.1498436000001675,0.5671984000000521
0,1.0,1.0,1.0,29.91172583886194,300,3,225,,1.0,62.927919762007235,0.13296450000007098,0.5541964000003645
0,1.0,1.0,1.0,29.430496693969975,301,3,225,,1.0,62.927919762007235,0.1331144000000677,0.5871633000001566
0,1.0,1.0,1.0,30.59583118006513,302,3,225,,1.0,62.927919762007235,0.1170110999996723,0.4671187000003556
0,0.0,0.0,1.0,32.09170089378202,303,3,210,,1.0,62.927919762007235,0.13384929999983797,0.897136799999771
0,0.0,0.0,1.0,31.438393698639555,304,3,90,,1.0,62.927919762007235,0.16687110000020766,0.7500956000003498
0,0.0,0.0,1.0,28.858207906029016,305,3,255,,1.0,62.927919762007235,0.13287439999976414,0.5142124999997577
0,1.0,1.0,1.0,29.73068207295816,306,3,225,,1.0,62.927919762007235,0.13298299999996743,0.5341955999997481
0,0.0,0.0,1.0,30.616074932780712,307,3,0,,1.0,62.927919762007235,0.11684779999995953,0.4661797000003389
0,0.0,0.0,1.0,28.6598294634468,308,3,195,,1.0,62.927919762007235,0.1829649999999674,0.6200637000001734
0,0.0,0.0,1.0,29.076786972990163,309,3,240,,1.0,62.927919762007235,0.1338673000000199,0.5141929999999775
0,1.0,1.0,1.0,30.946019688594426,310,4,225,,1.0,62.927919762007235,0.12000859999989189,0.767172699999719
0,1.0,1.0,1.0,29.78210574651256,311,4,225,,1.0,62.927919762007235,0.15000299999974231,0.5331413999997494
0,1.0,1.0,1.0,30.52339357783864,312,4,225,,1.0,62.927919762007235,0.14694959999997081,0.5342685000000529
0,1.0,1.0,1.0,30.248026758879107,313,4,225,,1.0,62.927919762007235,0.11698919999980717,0.49710800000002564
0,0.0,0.0,1.0,30.9113047538948,314,4,135,,1.0,62.927919762007235,0.19985799999994924,0.580160700000306
0,1.0,1.0,1.0,29.22734759465816,315,4,225,,1.0,62.927919762007235,0.13309320000007574,0.5200024000000667
0,0.0,0.0,1.0,31.17274166491312,316,4,315,,1.0,62.927919762007235,0.19986859999971784,0.48619449999978315
0,0.0,0.0,1.0,31.182863503717144,317,4,180,,1.0,62.927919762007235,0.18279170000005251,0.5332189999999173
0,1.0,1.0,1.0,30.94267352361666,318,4,225,,1.0,62.927919762007235,0.20001899999988382,0.680090299999847
0,1.0,1.0,1.0,30.393593561431302,319,4,225,,1.0,62.927919762007235,0.1159631000000445,0.7341655999998693
0,0.0,0.0,1.0,29.4729439090859,320,4,45,,1.0,62.927919762007235,0.14973419999978432,0.7144193999997697
0,1.0,1.0,1.0,28.59604311865049,321,4,225,,1.0,62.927919762007235,0.14998420000029,0.5121995999998035
0,1.0,1.0,1.0,32.78345297238386,322,4,225,,1.0,62.927919762007235,0.1330591999999342,0.5471517000000858
0,1.0,1.0,1.0,30.734561488900617,323,4,225,,1.0,62.927919762007235,0.11701089999996839,0.4501518000001852
0,1.0,1.0,1.0,30.12505344779858,324,4,225,,1.0,62.927919762007235,0.13286719999996421,0.4673010000001341
0,1.0,1.0,1.0,28.89481388984777,325,4,225,,1.0,62.927919762007235,0.11599270000033357,0.40121129999988625
0,0.0,0.0,1.0,31.41151664401388,326,4,195,,1.0,62.927919762007235,0.2508434000001216,0.666214299999865
0,0.0,0.0,1.0,29.35820572920309,327,4,270,,1.0,62.927919762007235,0.16283999999996013,0.6501427999996849
0,0.0,0.0,1.0,30.100909803519304,328,4,90,,1.0,62.927919762007235,0.1839772999996967,1.069147200000316
0,0.0,0.0,1.0,28.85612153603784,329,4,255,,1.0,62.927919762007235,0.13273630000003322,0.667210999999952
0,0.0,0.0,1.0,32.744312222300415,330,4,210,,1.0,62.927919762007235,0.16579349999983606,0.5812104999999974
0,0.0,0.0,1.0,31.264180285967345,331,4,240,,1.0,62.927919762007235,0.13585190000003422,0.5031629000000066
0,0.0,0.0,1.0,30.77064227150204,332,4,0,,1.0,62.927919762007235,0.14986950000002253,0.5972001000000091
0,0.0,0.0,1.0,30.496139400543203,333,5,210,,1.0,62.927919762007235,0.09984159999976328,0.4701762999998209
0,1.0,1.0,1.0,28.907415231540664,334,5,225,,1.0,62.927919762007235,0.16600709999966057,0.46714250000013635
0,0.0,0.0,1.0,30.93783262098661,335,5,240,,1.0,62.927919762007235,0.43284219999986817,0.41718629999922996
0,0.0,0.0,1.0,29.612008014523813,336,5,270,,1.0,62.927919762007235,0.15291249999972933,0.9171783000001597
0,1.0,1.0,1.0,29.235560064056195,337,5,225,,1.0,62.927919762007235,0.15301569999974163,0.517189000000144
0,0.0,0.0,1.0,30.935444659492106,338,5,135,,1.0,62.927919762007235,0.19984370000020135,0.48420590000023367
0,0.0,0.0,1.0,31.38065047762604,339,5,315,,1.0,62.927919762007235,0.18282170000020415,0.5362144000000626
0,1.0,1.0,1.0,29.825675617780902,340,5,225,,1.0,62.927919762007235,0.15006129999983386,0.567149900000004
0,1.0,1.0,1.0,28.613944863184084,341,5,225,,1.0,62.927919762007235,0.1499894000007771,0.5531793000000107
0,0.0,0.0,1.0,30.974187248074934,342,5,195,,1.0,62.927919762007235,0.1508921000004193,0.4162140999997064
0,1.0,1.0,1.0,29.91797980430954,343,5,225,,1.0,62.927919762007235,0.15001479999955336,0.534138900000471
0,0.0,0.0,1.0,28.64362864244196,344,5,0,,1.0,62.927919762007235,0.16590350000024046,0.5501653999999689
0,0.0,0.0,1.0,32.0641281284204,345,5,255,,1.0,62.927919762007235,0.2168480999998792,0.5831816999998409
0,1.0,1.0,1.0,31.34077952440216,346,5,225,,1.0,62.927919762007235,0.2000052000003052,0.517200899999807
0,0.0,0.0,1.0,32.223347509177565,347,5,180,,1.0,62.927919762007235,0.23285219999979745,0.3831558000001678
0,0.0,0.0,1.0,29.771777894922625,348,5,90,,1.0,62.927919762007235,0.18287959999997838,0.4331848000001628
0,1.0,1.0,1.0,30.06814264265039,349,5,225,,1.0,62.927919762007235,0.16699729999982083,0.6332203000001755
0,1.0,1.0,1.0,30.78828575353383,350,5,225,,1.0,62.927919762007235,0.11599250000017491,0.4871951999994053
0,1.0,1.0,1.0,30.33236898201415,351,5,225,,1.0,62.927919762007235,0.15000059999965742,0.6001971000005142
0,1.0,1.0,1.0,28.97223176400805,352,5,225,,1.0,62.927919762007235,0.13299519999964104,0.3952215999997861
0,0.0,0.0,1.0,28.863206221703276,353,5,45,,1.0,62.927919762007235,0.14985770000021148,0.7491403999993054
0,1.0,1.0,1.0,30.478777419603528,354,5,225,,1.0,62.927919762007235,0.11580750000030093,0.5531295999999202
0,1.0,1.0,1.0,30.18001426971339,355,5,225,,1.0,62.927919762007235,0.1329478999996354,0.5642014000004565
0,0.0,0.0,1.0,30.28924831912846,356,6,270,,1.0,62.927919762007235,0.16583840000021155,0.6642001000000164
0,1.0,1.0,1.0,30.515977800736486,357,6,225,,1.0,62.927919762007235,0.15004039999985253,0.5450173999997787
0,1.0,1.0,1.0,28.39658081813496,358,6,225,,1.0,62.927919762007235,0.11702689999947324,0.6161900999995851
0,0.0,0.0,1.0,31.37320597277896,359,6,255,,1.0,62.927919762007235,0.16985509999994974,0.4330633999998099
0,1.0,1.0,1.0,31.18969085253057,360,6,225,,1.0,62.927919762007235,0.13301140000021405,0.48414299999967625
0,0.0,0.0,1.0,29.960001958741437,361,6,240,,1.0,62.927919762007235,0.16288730000087526,0.4841308000004574
0,0.0,0.0,1.0,29.94893273910974,362,6,90,,1.0,62.927919762007235,0.1508480000002237,0.6162107999998625
0,0.0,0.0,1.0,30.21620250255072,363,6,315,,1.0,62.927919762007235,0.1528621999996176,0.6671906999999919
0,1.0,1.0,1.0,29.840273949682647,364,6,225,,1.0,62.927919762007235,0.16999889999988227,0.600219200000538
0,1.0,1.0,1.0,27.818076810262657,365,6,225,,1.0,62.927919762007235,0.1499989000003552,0.487162299999909
0,0.0,0.0,1.0,30.987852951837255,366,6,195,,1.0,62.927919762007235,0.18282170000020415,0.814206699999886
0,0.0,0.0,1.0,29.763001716245142,367,6,135,,1.0,62.927919762007235,0.1868371999998999,0.40015500000026805
0,0.0,0.0,1.0,28.858936518544,368,6,0,,1.0,62.927919762007235,0.1499799000002895,0.5502054999997199
0,1.0,1.0,1.0,29.8873984197632,369,6,225,,1.0,62.927919762007235,0.11700070000006235,0.6001599999999598
0,1.0,1.0,1.0,32.68785455062004,370,6,225,,1.0,62.927919762007235,0.150027499999851,0.4501846999992267
0,1.0,1.0,1.0,30.73198106280984,371,6,225,,1.0,62.927919762007235,0.11603509999986272,0.5511759000000893
0,0.0,0.0,1.0,31.57495705841936,372,6,180,,1.0,62.927919762007235,0.13284420000036334,0.5171417000001384
0,1.0,1.0,1.0,30.126610649757986,373,6,225,,1.0,62.927919762007235,0.11600249999992229,0.5171903999998904
0,1.0,1.0,1.0,28.78241907624482,374,6,225,,1.0,62.927919762007235,0.14898790000006557,0.5841995999999199
0,1.0,1.0,1.0,31.389378797164763,375,6,225,,1.0,62.927919762007235,0.1499828999994861,0.38618080000014743
0,0.0,0.0,1.0,29.90143685580115,376,6,45,,1.0,62.927919762007235,0.16679840000051627,0.6362052000004041
0,0.0,0.0,1.0,29.40582187586858,377,6,210,,1.0,62.927919762007235,0.18384799999967072,0.5161245999997846
0,1.0,1.0,1.0,30.76091459103228,378,6,225,,1.0,62.927919762007235,0.18301309999969817,0.4171495999999024
0,0.0,0.0,1.0,28.66837071909096,379,7,315,,1.0,62.927919762007235,0.1668894000004002,1.6641828000001624
0,0.0,0.0,1.0,30.39740815701424,380,7,0,,1.0,62.927919762007235,0.1668362000000343,0.5832250000003114
0,0.0,0.0,1.0,31.96944961766526,381,7,210,,1.0,62.927919762007235,0.23289550000026793,0.6471423000002687
0,1.0,1.0,1.0,29.397978386270715,382,7,225,,1.0,62.927919762007235,0.15002849999928003,0.45019309999952384
0,0.0,0.0,1.0,29.00546181891579,383,7,45,,1.0,62.927919762007235,0.147760400000152,0.5161663999997472
0,1.0,1.0,1.0,30.20348981369314,384,7,225,,1.0,62.927919762007235,0.16395599999941624,0.6031650999993872
0,1.0,1.0,1.0,29.9645553852562,385,7,225,,1.0,62.927919762007235,0.11598270000013144,0.5121333999995841
0,1.0,1.0,1.0,29.55764136183265,386,7,225,,1.0,62.927919762007235,0.11602839999977732,0.48414969999976165
0,0.0,0.0,1.0,30.746464286891147,387,7,270,,1.0,62.927919762007235,0.18383989999983896,0.46621700000014243
0,0.0,0.0,1.0,28.760321447945948,388,7,135,,1.0,62.927919762007235,0.1828470999998899,0.4331793999999718
0,0.0,0.0,1.0,30.10077641810411,389,7,180,,1.0,62.927919762007235,0.24987610000061977,0.4841569999998683
0,0.0,0.0,1.0,30.562230737000963,390,7,90,,1.0,62.927919762007235,0.16687550000006013,0.4331938999994236
0,1.0,1.0,1.0,29.939951734257654,391,7,225,,1.0,62.927919762007235,0.14998979999927542,0.5161846999999398
0,1.0,1.0,1.0,30.81565566867892,392,7,225,,1.0,62.927919762007235,0.1329969999997047,0.5701374000000214
0,1.0,1.0,1.0,30.821914506731183,393,7,225,,1.0,62.927919762007235,0.11602469999979803,0.4641965999999229
0,1.0,1.0,1.0,30.657920245103558,394,7,225,,1.0,62.927919762007235,0.13295130000005884,0.7832038000005923
0,1.0,1.0,1.0,29.201631356186866,395,7,225,,1.0,62.927919762007235,0.14999819999957253,0.38016310000057274
0,1.0,1.0,1.0,31.329071816418875,396,7,225,,1.0,62.927919762007235,0.11600099999941449,0.4312405000000581
0,1.0,1.0,1.0,30.77185763583637,397,7,225,,1.0,62.927919762007235,0.11599590000059834,0.4672037000000273
0,1.0,1.0,1.0,30.52770096324801,398,7,225,,1.0,62.927919762007235,0.11699450000014622,0.4831825999999637
0,0.0,0.0,1.0,31.36629003667467,399,7,195,,1.0,62.927919762007235,0.13169959999959246,0.6143498999999792
0,0.0,0.0,1.0,30.281416133348788,400,7,255,,1.0,62.927919762007235,0.166874700000335,0.517151200000626
0,0.0,0.0,1.0,29.210311574620047,401,7,240,,1.0,62.927919762007235,0.11585620000005292,0.5340699999997014
0,0.0,0.0,1.0,31.162143947661967,402,8,135,,1.0,62.927919762007235,0.14985869999964052,0.4841537000002063
0,0.0,0.0,1.0,32.325906111487164,403,8,210,,1.0,62.927919762007235,0.1155361000000994,0.464513299999453
0,0.0,0.0,1.0,29.628700898415268,404,8,45,,1.0,62.927919762007235,0.13289110000005167,0.5971934999997757
0,1.0,1.0,1.0,30.471846263547604,405,8,225,,1.0,62.927919762007235,0.11703070000021398,0.40019200000006094
0,1.0,1.0,1.0,31.091171827763752,406,8,225,,1.0,62.927919762007235,0.2170353999999861,0.6301922000002378
0,1.0,1.0,1.0,29.420718940969547,407,8,225,,1.0,62.927919762007235,0.11686610000015207,0.41724930000054883
0,1.0,1.0,1.0,30.013055443078617,408,8,225,,1.0,62.927919762007235,0.16705110000020795,0.467191400000047
0,0.0,0.0,1.0,30.620276048866447,409,8,0,,1.0,62.927919762007235,0.19992030000048544,0.7671380000001591
0,0.0,0.0,1.0,31.002262476786274,410,8,255,,1.0,62.927919762007235,0.1668838000005053,0.4641361000003599
0,1.0,1.0,1.0,28.730594141000644,411,8,225,,1.0,62.927919762007235,0.15002309999999852,0.79721040000004
0,1.0,1.0,1.0,29.35198605816909,412,8,225,,1.0,62.927919762007235,0.16704699999991135,0.38314470000022993
0,0.0,0.0,1.0,29.143461912374427,413,8,180,,1.0,62.927919762007235,0.1998896999994031,0.6471853000002739
0,0.0,0.0,1.0,29.44007694665765,414,8,240,,1.0,62.927919762007235,0.16684129999975994,0.5332257000000027
0,1.0,1.0,1.0,30.32641876479053,415,8,225,,1.0,62.927919762007235,0.1170270000002347,0.5500981000004685
0,1.0,1.0,1.0,31.54655646161982,416,8,225,,1.0,62.927919762007235,0.16297270000086428,0.5172183999993649
0,1.0,1.0,1.0,28.899460354170845,417,8,225,,1.0,62.927919762007235,0.1829675999997562,0.34722119999969436
0,1.0,1.0,1.0,29.281706771001545,418,8,225,,1.0,62.927919762007235,0.21701880000000529,0.3502275999999256
0,0.0,0.0,1.0,29.22090521648845,419,8,315,,1.0,62.927919762007235,0.26685879999968165,0.6691982999991524
0,1.0,1.0,1.0,30.374094584858824,420,8,225,,1.0,62.927919762007235,0.11705179999989923,0.5191521000006105
0,0.0,0.0,1.0,30.0655216129734,421,8,90,,1.0,62.927919762007235,0.13285170000017388,0.7141525000006368
0,0.0,0.0,1.0,29.221374463154746,422,8,270,,1.0,62.927919762007235,0.18388020000020333,0.517146899999716
0,1.0,1.0,1.0,30.360963776507084,423,8,225,,1.0,62.927919762007235,0.16704920000029233,0.5201239999996687
0,0.0,0.0,1.0,30.95591256798901,424,8,195,,1.0,62.927919762007235,0.21585809999942285,0.5471565999996528
0,1.0,1.0,1.0,30.07044991043757,425,9,225,,1.0,62.927919762007235,0.1840596000001824,0.3661935000000085
0,1.0,1.0,1.0,31.12159964780733,426,9,225,,1.0,62.927919762007235,0.1659749999998894,0.41722479999953066
0,0.0,0.0,1.0,29.06062584289571,427,9,315,,1.0,62.927919762007235,0.18307659999936732,0.6171632999994472
0,1.0,1.0,1.0,30.93556474919097,428,9,225,,1.0,62.927919762007235,0.23297089999960008,0.4831930000000284
0,0.0,0.0,1.0,31.17703582896149,429,9,255,,1.0,62.927919762007235,0.1998903000003338,0.4671592000004239
0,0.0,0.0,1.0,30.681674863152814,430,9,0,,1.0,62.927919762007235,0.18211429999973916,0.5011539000006451
0,1.0,1.0,1.0,30.358692229032552,431,9,225,,1.0,62.927919762007235,0.16601100000025326,0.5642385000001013
0,1.0,1.0,1.0,30.23095088266809,432,9,225,,1.0,62.927919762007235,0.16698189999988244,0.3832092000002376
0,0.0,0.0,1.0,30.09918695751092,433,9,90,,1.0,62.927919762007235,0.18385440000020026,0.630185299999539
0,1.0,1.0,1.0,29.294613517401867,434,9,225,,1.0,62.927919762007235,0.16702819999954954,0.4531545999998343
0,0.0,0.0,1.0,29.69739031390752,435,9,180,,1.0,62.927919762007235,0.21682659999987663,0.4172483000002103
0,0.0,0.0,1.0,31.11510871956206,436,9,45,,1.0,62.927919762007235,2.898901300000034,0.06717200000002777
0,0.0,0.0,1.0,30.693047827262628,437,9,240,,1.0,62.927919762007235,0.13284879999991972,0.5161978000005547
0,0.0,0.0,1.0,29.037558718702137,438,9,270,,1.0,62.927919762007235,0.16688259999955335,0.5141505000001416
0,0.0,0.0,1.0,30.847951139930725,439,9,195,,1.0,62.927919762007235,0.14979929999935848,0.5502369999994698
0,0.0,0.0,1.0,29.26520082454118,440,9,210,,1.0,62.927919762007235,0.14986709999993764,0.5201790999999503
0,1.0,1.0,1.0,30.53597453105432,441,9,225,,1.0,62.927919762007235,0.13300040000012814,0.4621909000006781
0,1.0,1.0,1.0,30.233373058477923,442,9,225,,1.0,62.927919762007235,0.16701480000028823,0.4531765000001542
0,1.0,1.0,1.0,31.323728560812484,443,9,225,,1.0,62.927919762007235,0.14998359999935928,0.43322230000012496
0,0.0,0.0,1.0,30.64067531725197,444,9,135,,1.0,62.927919762007235,0.16683029999967403,0.46719860000030167
0,1.0,1.0,1.0,30.817845554122727,445,9,225,,1.0,62.927919762007235,0.13309250000020256,0.5002014000001509
0,1.0,1.0,1.0,29.54208617968284,446,9,225,,1.0,62.927919762007235,0.149966900000436,0.447192399999949
0,1.0,1.0,1.0,28.22622676042442,447,9,225,,1.0,62.927919762007235,0.165979100000186,0.381196600000294
0,0.0,0.0,1.0,29.740165397602688,448,10,135,,1.0,62.927919762007235,0.18383349999930942,0.5502041999998255
0,0.0,0.0,1.0,30.23412361466848,449,10,0,,1.0,62.927919762007235,0.16690430000016931,0.4831647000000885
0,0.0,0.0,1.0,28.77107162717416,450,10,90,,1.0,62.927919762007235,0.15283930000077817,0.5342014000007111
0,1.0,1.0,1.0,29.05131037721544,451,10,225,,1.0,62.927919762007235,0.13399949999984528,0.49916289999964647
0,1.0,1.0,1.0,29.832526172145432,452,10,225,,1.0,62.927919762007235,0.13288620000002993,0.4503039000001081
0,1.0,1.0,1.0,28.37891255610515,453,10,225,,1.0,62.927919762007235,0.15000039999995352,0.4471907999995892
0,1.0,1.0,1.0,29.23537425640449,454,10,225,,1.0,62.927919762007235,0.16704519999984768,0.36310539999976754
0,0.0,0.0,1.0,31.48403164814304,455,10,255,,1.0,62.927919762007235,0.19991560000016761,1.0671542000000045
0,0.0,0.0,1.0,32.81300999351203,456,10,45,,1.0,62.927919762007235,0.14983699999993405,0.4842150999993464
0,1.0,1.0,1.0,30.697435188654644,457,10,225,,1.0,62.927919762007235,0.13402379999934055,0.5331605000001218
0,0.0,0.0,1.0,29.772892285142092,458,10,210,,1.0,62.927919762007235,0.18286040000020876,0.35014679999949294
0,1.0,1.0,1.0,29.29754371992616,459,10,225,,1.0,62.927919762007235,0.15099230000032549,0.4831707000003007
0,1.0,1.0,1.0,30.118658207883264,460,10,225,,1.0,62.927919762007235,0.1489504000001034,0.4341928000003463
0,0.0,0.0,1.0,30.8526614716196,461,10,180,,1.0,62.927919762007235,0.18284159999984695,0.584202699999878
0,0.0,0.0,1.0,31.45237478140576,462,10,240,,1.0,62.927919762007235,0.14982819999931962,0.5862380999997185
0,1.0,1.0,1.0,29.910045940109534,463,10,225,,1.0,62.927919762007235,0.14996900000005553,0.7131973000005019
0,1.0,1.0,1.0,30.193773867420557,464,10,225,,1.0,62.927919762007235,0.2340146000005916,0.3662157999997362
0,1.0,1.0,1.0,29.51853633137516,465,10,225,,1.0,62.927919762007235,0.18297249999977794,0.3671829000004436
0,1.0,1.0,1.0,28.52384431627194,466,10,225,,1.0,62.927919762007235,0.1830839999993259,0.484146800000417
0,0.0,0.0,1.0,29.17138435812719,467,10,270,,1.0,62.927919762007235,0.2158724999999322,0.614153599999554
0,1.0,1.0,1.0,29.552283691748038,468,10,225,,1.0,62.927919762007235,0.18298529999992752,0.45315000000027794
0,0.0,0.0,1.0,30.61663867171439,469,10,315,,1.0,62.927919762007235,0.18287830000008398,0.6301446000006763
0,0.0,0.0,1.0,27.280914284599977,470,10,195,,1.0,62.927919762007235,0.24886500000047818,0.8311823000003642
0,0.0,0.0,0.0,0.906077911150694,471,1,180,You will not receive feedback of any kind for the following reaches.Please continue to slice through the target as quickly and accurately as possible.,1.0,62.927919762007235,0.26684369999929913,0.46621890000005806
0,0.0,0.0,0.0,1.4652337714355357,472,1,45,,1.0,62.927919762007235,0.18382560000009107,0.6831644999992932
0,0.0,0.0,0.0,-0.0476199493618594,473,1,240,,1.0,62.927919762007235,0.2328668000000107,0.5141339000001608
0,0.0,0.0,0.0,-1.2770641876503006,474,1,270,,1.0,62.927919762007235,0.20282070000030217,0.5832022000004145
0,0.0,0.0,0.0,-1.8653940302817784,475,1,0,,1.0,62.927919762007235,0.18285740000010264,0.6331859000001714
0,0.0,0.0,0.0,0.3767178802551296,476,1,225,,1.0,62.927919762007235,0.16583790000004228,0.5651448999997228
0,0.0,0.0,0.0,-0.1379549637484154,477,1,210,,1.0,62.927919762007235,0.1358749999999418,0.5841818999997486
0,0.0,0.0,0.0,-1.0020760463874216,478,1,135,,1.0,62.927919762007235,0.19980740000028163,0.4502312000004167
0,0.0,0.0,0.0,0.4741940952873094,479,1,255,,1.0,62.927919762007235,0.18282780000026833,0.45023630000014236
0,0.0,0.0,0.0,0.9667232325314252,480,1,90,,1.0,62.927919762007235,0.23386889999983396,0.4661783000001378
0,0.0,0.0,0.0,-2.444354782948151,481,1,195,,1.0,62.927919762007235,0.3328574999995908,0.38415640000039275
0,0.0,0.0,0.0,0.4402600011825023,482,1,315,,1.0,62.927919762007235,0.19985689999975875,0.5332138000003397
0,0.0,0.0,0.0,0.2014564078353704,483,2,255,,1.0,62.927919762007235,0.197855399999753,0.5162035000003016
0,0.0,0.0,0.0,-0.1763288285180065,484,2,240,,1.0,62.927919762007235,0.2808365999999296,0.5812146999996912
0,0.0,0.0,0.0,-0.2791458929106413,485,2,135,,1.0,62.927919762007235,0.18385459999990417,0.500191399999494
0,0.0,0.0,0.0,0.3213431285257767,486,2,45,,1.0,62.927919762007235,0.1338607999996384,0.528169600000183
0,0.0,0.0,0.0,1.511512720882071,487,2,90,,1.0,62.927919762007235,0.14683899999999994,0.6371067000000039
0,0.0,0.0,0.0,0.2656062949187044,488,2,270,,1.0,62.927919762007235,0.22983600000043225,0.5502080999995087
0,0.0,0.0,0.0,-0.4634842300456847,489,2,0,,1.0,62.927919762007235,0.26589940000030765,0.49715980000019044
0,0.0,0.0,0.0,0.6347928072751606,490,2,210,,1.0,62.927919762007235,0.28291730000000825,0.5502200000000812
0,0.0,0.0,0.0,0.0058255145909535,491,2,315,,1.0,62.927919762007235,0.20079059999989113,0.4632252999999764
0,0.0,0.0,0.0,0.6872992051579242,492,2,195,,1.0,62.927919762007235,0.21675560000039695,0.6663169000003109
0,0.0,0.0,0.0,-0.9358026101317138,493,2,180,,1.0,62.927919762007235,0.1838143000004493,0.425282100000004
0,0.0,0.0,0.0,0.6603544155574269,494,2,225,,1.0,62.927919762007235,0.19886140000016894,0.5701697999993485
0,0.0,0.0,0.0,-0.5664999346702065,495,3,180,,1.0,62.927919762007235,0.16976679999970656,0.6332360999995217
0,0.0,0.0,0.0,-0.5323391788483653,496,3,195,,1.0,62.927919762007235,0.2328692000000956,0.5171510000000126
0,0.0,0.0,0.0,0.0657605986667575,497,3,270,,1.0,62.927919762007235,0.28294850000020233,0.4671035999999731
0,0.0,0.0,0.0,0.827709704074196,498,3,45,,1.0,62.927919762007235,0.16677840000011201,0.5502224000001661
0,0.0,0.0,0.0,0.0872562819175837,499,3,225,,1.0,62.927919762007235,0.1958308000002944,0.500228299999435
0,0.0,0.0,0.0,0.0627653693650087,500,3,90,,1.0,62.927919762007235,0.2197608999995282,0.5001862999997684
0,0.0,0.0,0.0,1.8298608415527449,501,3,315,,1.0,62.927919762007235,0.16682980000041425,0.5341902999998638
0,0.0,0.0,0.0,-0.978118406727943,502,3,0,,1.0,62.927919762007235,0.18287899999995716,0.5530837999995128
0,0.0,0.0,0.0,0.42568783377955,503,3,240,,1.0,62.927919762007235,0.133769700000812,0.5832786000000851
0,0.0,0.0,0.0,1.3220380134157423,504,3,255,,1.0,62.927919762007235,0.19986169999992853,0.6141948000004049
0,0.0,0.0,0.0,1.089867591659386,505,3,135,,1.0,62.927919762007235,0.2498321000002761,0.42019019999952434
0,0.0,0.0,0.0,-0.5341409238582844,506,3,210,,1.0,62.927919762007235,0.16690169999947102,0.5331507999999303
0,0.0,0.0,0.0,-1.587028352740694,507,4,45,,1.0,62.927919762007235,0.14987729999938892,0.5672304999998232
0,0.0,0.0,0.0,0.8915154489636755,508,4,135,,1.0,62.927919762007235,0.1997830000000249,0.5482851999995546
0,0.0,0.0,0.0,0.4008374734199215,509,4,0,,1.0,62.927919762007235,0.16589190000013332,0.6031603000001269
0,0.0,0.0,0.0,0.6781748932518024,510,4,210,,1.0,62.927919762007235,0.14987449999989622,0.6830931999993481
0,0.0,0.0,0.0,-0.0311982623705303,511,4,255,,1.0,62.927919762007235,0.1998911999999109,0.5341784000002008
0,0.0,0.0,0.0,1.745858546219554,512,4,270,,1.0,62.927919762007235,0.1998938000006092,0.7361511999997674
0,0.0,0.0,0.0,-1.371864699859148,513,4,180,,1.0,62.927919762007235,0.23393530000066676,0.7631566000000021
0,0.0,0.0,0.0,-0.5534112589870228,514,4,315,,1.0,62.927919762007235,0.1998353999997562,0.5782146999999895
0,0.0,0.0,0.0,-0.7529481885589943,515,4,90,,1.0,62.927919762007235,0.19981879999977536,0.6332111000001532
0,0.0,0.0,0.0,-2.85761018659683,516,4,195,,1.0,62.927919762007235,0.1339097000000038,0.5961785999998028
0,0.0,0.0,0.0,-0.2974329775475885,517,4,225,,1.0,62.927919762007235,0.16689909999968222,0.5301571999998487
0,0.0,0.0,0.0,2.887664833136649,518,4,240,,1.0,62.927919762007235,0.23280260000046837,0.584199400000216
0,0.0,0.0,0.0,-1.4611780766066833,519,5,0,,1.0,62.927919762007235,0.21688840000024356,0.4331644999992932
0,0.0,0.0,0.0,0.546480108014632,520,5,240,,1.0,62.927919762007235,0.16568790000019362,0.5502389999992374
0,0.0,0.0,0.0,1.9647882778006536,521,5,195,,1.0,62.927919762007235,0.16685150000012072,0.4861876000004486
0,0.0,0.0,0.0,-1.695763458404898,522,5,210,,1.0,62.927919762007235,0.17981150000014168,0.45019520000005286
0,0.0,0.0,0.0,0.164133669477682,523,5,135,,1.0,62.927919762007235,0.19985170000018115,0.6002210999995441
0,0.0,0.0,0.0,-0.5547130931956408,524,5,225,,1.0,62.927919762007235,0.1487665000004199,0.43424570000024687
0,0.0,0.0,0.0,-1.8503782935402528,525,5,270,,1.0,62.927919762007235,0.33286649999990914,0.5302025000000867
0,0.0,0.0,0.0,0.0589890662681014,526,5,315,,1.0,62.927919762007235,0.18282749999980297,0.5331286000000546
0,0.0,0.0,0.0,0.0162959611869805,527,5,255,,1.0,62.927919762007235,0.21578279999994265,0.517265899999984
0,0.0,0.0,0.0,-1.1841778987698703,528,5,180,,1.0,62.927919762007235,0.16585029999987455,0.6371882000003097
0,0.0,0.0,0.0,-0.9323623785122772,529,5,90,,1.0,62.927919762007235,0.16886710000017047,0.6331772000003184
0,0.0,0.0,0.0,-0.521399276334488,530,5,45,,1.0,62.927919762007235,0.13275960000009945,0.5672813000001042
0,1.0,1.0,0.0,0.5563447899933491,531,1,195,"You will now only see the cursor throughout your entire reach.
Please continue to slice through the target as quickly and accurately as possible.",1.0,62.927919762007235,0.18095029999949475,0.5031896999998935
0,1.0,1.0,0.0,-0.2885148744354729,532,1,315,,1.0,62.927919762007235,0.1859457000000475,0.5671938000004957
0,1.0,1.0,0.0,-0.9378539904453004,533,1,225,,1.0,62.927919762007235,0.19988629999988916,0.9531888000001345
0,1.0,1.0,0.0,0.0808576384657284,534,1,180,,1.0,62.927919762007235,0.18399170000066079,0.533201199999894
0,1.0,1.0,0.0,-0.1860906793301072,535,1,240,,1.0,62.927919762007235,0.2670157000002291,0.5501644000005399
0,1.0,1.0,0.0,-2.4517786177858114,536,1,135,,1.0,62.927919762007235,0.24999730000035925,0.40020189999995637
0,1.0,1.0,0.0,0.8963141430100094,537,1,255,,1.0,62.927919762007235,0.30298149999998714,0.500202299999728
0,1.0,1.0,0.0,0.1949048027010675,538,1,210,,1.0,62.927919762007235,0.33301490000030753,0.43314959999952407
0,1.0,1.0,0.0,-0.3373084199249858,539,1,0,,1.0,62.927919762007235,0.46598749999975553,0.4842309000005116
0,1.0,1.0,0.0,1.1352210943366148,540,1,90,,1.0,62.927919762007235,0.42997809999997116,0.5862059000000954
0,1.0,1.0,0.0,-0.7989925674574992,541,1,270,,1.0,62.927919762007235,0.2829885999999533,0.4841785999997228
0,1.0,1.0,0.0,0.0954731589382136,542,1,45,,1.0,62.927919762007235,0.283030300000064,0.5501502999995864
0,1.0,1.0,0.0,0.1642032849687654,543,2,180,,1.0,62.927919762007235,0.6189918000000034,0.5841602000000421
0,1.0,1.0,0.0,1.6107068788278671,544,2,195,,1.0,62.927919762007235,0.4167717000000266,0.5003874000003634
0,1.0,1.0,0.0,-2.1486027728506163,545,2,255,,1.0,62.927919762007235,0.29492730000038136,0.5052114000000074
0,1.0,1.0,0.0,-0.0211558774984435,546,2,240,,1.0,62.927919762007235,0.3670038000000204,0.4501650000001973
0,1.0,1.0,0.0,0.5846190801327413,547,2,225,,1.0,62.927919762007235,0.38002049999977316,0.5671039999997447
0,1.0,1.0,0.0,0.9315836545002638,548,2,45,,1.0,62.927919762007235,0.28101860000060697,0.5361876999995729
0,1.0,1.0,0.0,1.4490071169674257,549,2,90,,1.0,62.927919762007235,0.2670012999997198,0.49918389999947976
0,1.0,1.0,0.0,0.6649779094987183,550,2,315,,1.0,62.927919762007235,1.067030899999736,0.11701759999959904
0,1.0,1.0,0.0,1.3079129958220843,551,2,0,,1.0,62.927919762007235,0.36700310000014724,0.6661682000003566
0,1.0,1.0,0.0,-0.9967622086045392,552,2,210,,1.0,62.927919762007235,0.41596599999957107,0.48720890000004147
0,1.0,1.0,0.0,0.7650526362068109,553,2,135,,1.0,62.927919762007235,0.43098900000040885,0.432152500000484
0,1.0,1.0,0.0,1.7395599131967656,554,2,270,,1.0,62.927919762007235,0.39702959999976883,0.45017920000009326
0,1.0,1.0,0.0,-0.1211021076141973,555,3,270,,1.0,62.927919762007235,0.6469659000003958,0.4201983000002656
0,1.0,1.0,0.0,0.8248851887614642,556,3,180,,1.0,62.927919762007235,0.39995970000018133,0.4802501000003758
0,1.0,1.0,0.0,-0.8024402418783565,557,3,135,,1.0,62.927919762007235,0.3000578000001042,0.5501535000003059
0,1.0,1.0,0.0,1.718110244506916,558,3,45,,1.0,62.927919762007235,0.41596649999974034,0.5141667999996571
0,1.0,1.0,0.0,-0.0013840459367878,559,3,0,,1.0,62.927919762007235,0.30200539999987086,0.5341772000001583
0,1.0,1.0,0.0,1.2146004107607016,560,3,90,,1.0,62.927919762007235,0.3499931000005745,0.45018919999984064
0,1.0,1.0,0.0,-0.3929623350419647,561,3,210,,1.0,62.927919762007235,0.33699020000040036,0.5331900999999561
0,1.0,1.0,0.0,-1.3791847848489764,562,3,315,,1.0,62.927919762007235,0.3999619000005623,0.5502041999998255
0,1.0,1.0,0.0,1.5854372368696947,563,3,240,,1.0,62.927919762007235,0.3659993999999642,0.6001885999994556
0,1.0,1.0,0.0,0.3054787400825146,564,3,255,,1.0,62.927919762007235,0.38604450000002544,0.5671609999999419
0,1.0,1.0,0.0,-0.0207832569128391,565,3,195,,1.0,62.927919762007235,0.34997260000000097,0.533205600000656
0,1.0,1.0,0.0,-1.4035642233193903,566,3,225,,1.0,62.927919762007235,0.5330363000002762,0.4471694000003481
0,1.0,1.0,0.0,1.7029021902265846,567,4,90,,1.0,62.927919762007235,0.48399779999999737,0.36617459999979474
0,1.0,1.0,0.0,0.7064133621008282,568,4,180,,1.0,62.927919762007235,0.9030242999997427,0.5001401999998052
0,1.0,1.0,0.0,-0.4524239575010957,569,4,270,,1.0,62.927919762007235,0.4200097000002643,0.41716009999981907
0,1.0,1.0,0.0,-0.3226716302398674,570,4,240,,1.0,62.927919762007235,0.43600549999973737,0.4341647000001103
0,1.0,1.0,0.0,-1.7748783183080787,571,4,195,,1.0,62.927919762007235,0.4330158000002484,0.43416979999983596
0,1.0,1.0,0.0,1.945314863924876,572,4,225,,1.0,62.927919762007235,0.48001860000022134,0.48315050000019255
0,1.0,1.0,0.0,1.230925826844869,573,4,0,,1.0,62.927919762007235,0.5129733000003398,0.5532333000001017
0,1.0,1.0,0.0,-0.8996301897308812,574,4,135,,1.0,62.927919762007235,0.33299630000055913,0.37017480000031355
0,1.0,1.0,0.0,-2.2685571323225213,575,4,255,,1.0,62.927919762007235,0.5169128999996246,0.4002356000000873
0,1.0,1.0,0.0,-0.4675117858182754,576,4,210,,1.0,62.927919762007235,0.45498420000058104,0.366220500000054
0,1.0,1.0,0.0,-0.7819348713631978,577,4,315,,1.0,62.927919762007235,0.41403600000012375,0.56618619999972
0,1.0,1.0,0.0,-0.8441873296288365,578,4,45,,1.0,62.927919762007235,0.4970201000005545,0.40317659999982425
0,1.0,1.0,0.0,-0.1579238219682882,579,5,135,,1.0,62.927919762007235,0.6800042000004396,0.35421079999923677
0,1.0,1.0,0.0,1.6081346119556568,580,5,315,,1.0,62.927919762007235,0.40293190000011236,0.35022509999998874
0,1.0,1.0,0.0,-1.3049103247227978,581,5,210,,1.0,62.927919762007235,0.5330025000002934,0.38316690000010567
0,1.0,1.0,0.0,0.5989118601527463,582,5,270,,1.0,62.927919762007235,0.4999629999992976,0.41721830000005866
0,1.0,1.0,0.0,-1.4971379713141313,583,5,195,,1.0,62.927919762007235,0.38396710000051826,0.4832083999999668
0,1.0,1.0,0.0,0.9904128041720924,584,5,255,,1.0,62.927919762007235,0.38414040000043315,0.46621179999965534
0,1.0,1.0,0.0,0.1296573437229105,585,5,225,,1.0,62.927919762007235,0.3009799999999814,0.4361839000002874
0,1.0,1.0,0.0,-0.0889308598165289,586,5,180,,1.0,62.927919762007235,0.41699100000005274,0.5971997999995438
0,1.0,1.0,0.0,-1.914015093459155,587,5,45,,1.0,62.927919762007235,0.31598310000026686,0.43417279999994207
0,1.0,1.0,0.0,-1.7077188024158465,588,5,240,,1.0,62.927919762007235,0.45000079999954323,0.4331684000007954
0,1.0,1.0,0.0,1.530663597257008,589,5,0,,1.0,62.927919762007235,0.3369911999998294,0.3831708999996408
0,1.0,1.0,0.0,-1.2843086190693758,590,5,90,,1.0,62.927919762007235,0.24998190000042086,0.38717999999971653
