,cursor_vis,midpoint_vis,endpoint_vis,cursor_sig,cursor_mp_sig,cursor_ep_sig,clamp,rot,trial,cycle,target_angle,instruct_phase,instruct_state,endpoint_theta,movement_time,movement_initiation_time
0,0.0,0.0,0.0,0.0,0.0,0.0,0.0,4.713665481072498,1,1,120,"Please slice through the target as quickly and accurately as possible.
You will not see the cursor during this phase.",1.0,124.16937229869033,1.036007000000609,0.3641351999995095
0,0.0,0.0,0.0,0.0,0.0,0.0,0.0,5.264635683713305,2,1,225,,1.0,-138.17365291753774,0.18295219999890833,0.3820124999983818
0,0.0,0.0,0.0,0.0,0.0,0.0,0.0,5.257966111345132,3,1,90,,1.0,92.92981567179287,1.4000126999999338,0.36914640000031795
0,0.0,0.0,0.0,0.0,0.0,0.0,0.0,-5.57006727995104,4,1,45,,1.0,37.20177907605642,0.1479177000001073,0.4681994000002305
0,0.0,0.0,0.0,0.0,0.0,0.0,0.0,-2.176340820828933,5,1,180,,1.0,-173.7667571902724,0.1669361000003846,0.34918459999971674
0,0.0,0.0,0.0,0.0,0.0,0.0,0.0,-2.025698199853298,6,1,75,,1.0,65.6613905372007,0.1499454999993759,0.33317779999924824
0,0.0,0.0,0.0,0.0,0.0,0.0,0.0,4.3470084562057805,7,1,0,,1.0,3.2479089633541633,0.13296830000035698,0.3171490000004269
0,0.0,0.0,0.0,0.0,0.0,0.0,0.0,-5.129639691369434,8,1,60,,1.0,47.63674004053024,0.1000015000008716,0.3161344000000099
0,0.0,0.0,0.0,0.0,0.0,0.0,0.0,-2.057330639888265,9,1,270,,1.0,-93.26829803594053,0.13299389999883715,0.3671247999991465
0,0.0,0.0,0.0,0.0,0.0,0.0,0.0,-0.8107265348109295,10,1,315,,1.0,-36.087629132165716,0.11582540000017616,0.3342904000000999
0,0.0,0.0,0.0,0.0,0.0,0.0,0.0,1.4316805859000112,11,1,135,,1.0,142.99043212730294,0.18200539999998,0.3511275000000751
0,0.0,0.0,0.0,0.0,0.0,0.0,0.0,1.679798539337168,12,1,105,,1.0,103.9716335182539,0.15198059999966063,0.33316459999878134
0,0.0,0.0,0.0,0.0,0.0,0.0,0.0,0.8141804488720701,13,2,180,,1.0,-178.29305023752605,0.16798609999932523,0.31704420000096434
0,0.0,0.0,0.0,0.0,0.0,0.0,0.0,-2.760359957354193,14,2,135,,1.0,138.55470593877664,0.16700139999920793,0.3161500000005617
0,0.0,0.0,0.0,0.0,0.0,0.0,0.0,3.7316768831456617,15,2,120,,1.0,124.87661376244287,0.13596880000113742,0.3161586999995052
0,0.0,0.0,0.0,0.0,0.0,0.0,0.0,5.007682353068389,16,2,60,,1.0,46.594326384136984,0.13291150000077323,0.28322059999845806
0,0.0,0.0,0.0,0.0,0.0,0.0,0.0,-0.1371626608865954,17,2,105,,1.0,100.57260272238273,0.11796380000123463,0.2980568000002677
0,0.0,0.0,0.0,0.0,0.0,0.0,0.0,0.6809944584652856,18,2,0,,1.0,7.248273311286637,0.14995359999920765,0.25018590000036056
0,0.0,0.0,0.0,0.0,0.0,0.0,0.0,3.831443333088184,19,2,315,,1.0,-47.942266999081106,0.15000099999997474,0.33316930000000866
0,0.0,0.0,0.0,0.0,0.0,0.0,0.0,0.0968461380043055,20,2,90,,1.0,87.08566150588653,0.1329197999984899,0.2841848000007303
0,0.0,0.0,0.0,0.0,0.0,0.0,0.0,3.07165616224322,21,2,45,,1.0,41.9648148703936,0.11492110000108369,0.3012112000014895
0,0.0,0.0,0.0,0.0,0.0,0.0,0.0,7.238669769535762,22,2,75,,1.0,67.22574568154552,0.0999842000001081,0.36711540000032983
0,0.0,0.0,0.0,0.0,0.0,0.0,0.0,3.943300438607198,23,2,270,,1.0,-88.30466625795385,0.11701429999993707,0.41615659999843047
0,0.0,0.0,0.0,0.0,0.0,0.0,0.0,0.7299227183438312,24,2,225,,1.0,-129.12806821470159,0.11697769999955199,0.30015589999857184
0,1.0,0.0,1.0,0.0,0.0,0.0,0.0,-2.8562849954238194,25,1,270,"You will now only see the cursor throughout your entire reach.
Please continue to slice through the target as quickly and accurately as possible.",1.0,-85.44611991239945,0.14801649999935762,0.3172556999998051
0,1.0,0.0,1.0,0.0,0.0,0.0,0.0,-3.827857363526777,26,1,135,,1.0,141.011510538836,0.13307069999973464,0.3341361999991932
0,1.0,0.0,1.0,0.0,0.0,0.0,0.0,-0.0735223781682483,27,1,105,,1.0,105.58563406035283,0.13507899999967776,0.28323439999985567
0,1.0,0.0,1.0,0.0,0.0,0.0,0.0,-5.443633888875388,28,1,225,,1.0,-134.37676472702694,0.09913509999933012,0.31813770000007935
0,1.0,0.0,1.0,0.0,0.0,0.0,0.0,3.652404119754608,29,1,45,,1.0,39.46610908088768,0.13411769999947865,0.2991738999990048
0,1.0,0.0,1.0,0.0,0.0,0.0,0.0,1.8826404567268529,30,1,75,,1.0,66.97780367989354,0.11613849999957893,0.30014399999890884
0,1.0,0.0,1.0,0.0,0.0,0.0,0.0,2.644325459609306,31,1,60,,1.0,54.41498353941641,0.13411980000091717,0.3661735999994562
0,1.0,0.0,1.0,0.0,0.0,0.0,0.0,1.4012828602184244,32,1,90,,1.0,88.44869644869912,0.13213460000042687,0.28413390000059735
0,1.0,0.0,1.0,0.0,0.0,0.0,0.0,2.726671892294945,33,1,0,,1.0,8.224874418572021,0.1821337000001222,0.2841337999998359
0,1.0,0.0,1.0,0.0,0.0,0.0,0.0,-2.011172836803167,34,1,180,,1.0,-177.09051707930072,0.15009869999994407,0.3491909000003943
0,1.0,0.0,1.0,0.0,0.0,0.0,0.0,5.571208778699846,35,1,120,,1.0,118.2125877814259,0.1340635000015027,0.3171961000007286
0,1.0,0.0,1.0,0.0,0.0,0.0,0.0,7.302527371944344,36,1,315,,1.0,-40.590671223340436,0.1501112000005378,0.2841991000004782
0,1.0,0.0,1.0,0.0,0.0,0.0,0.0,-3.8178101567460216,37,2,75,,1.0,71.19882712081217,0.16708809999909136,0.3310631000003923
0,1.0,0.0,1.0,0.0,0.0,0.0,0.0,0.9992062933669448,38,2,120,,1.0,125.4333941571222,0.20007540000005974,0.266228599999522
0,1.0,0.0,1.0,0.0,0.0,0.0,0.0,7.030175201229355,39,2,0,,1.0,-2.5688576884671335,0.1321076999993238,0.3341780999999173
0,1.0,0.0,1.0,0.0,0.0,0.0,0.0,5.40495453191471,40,2,105,,1.0,101.81771245567575,0.15112429999862798,0.2981746999994357
0,1.0,0.0,1.0,0.0,0.0,0.0,0.0,-3.2472141170413646,41,2,270,,1.0,-88.24240487658369,0.1680692000009003,0.3491715000000113
0,1.0,0.0,1.0,0.0,0.0,0.0,0.0,6.031657805898,42,2,225,,1.0,-129.11839342409007,0.13413559999935387,0.28314189999946393
0,1.0,0.0,1.0,0.0,0.0,0.0,0.0,-8.045788656240038,43,2,180,,1.0,-176.99560288090407,0.1821051000006264,0.26715820000026724
0,1.0,0.0,1.0,0.0,0.0,0.0,0.0,-2.098713468901196,44,2,60,,1.0,57.918021729834486,0.15013769999859505,0.35013620000063383
0,1.0,0.0,1.0,0.0,0.0,0.0,0.0,1.3414285804976622,45,2,135,,1.0,134.29264317108522,0.1660647999997309,0.28322859999934735
0,1.0,0.0,1.0,0.0,0.0,0.0,0.0,-1.103849675218311,46,2,90,,1.0,90.71358838340822,0.1640490999998292,0.30122769999979937
0,1.0,0.0,1.0,0.0,0.0,0.0,0.0,-3.1198434494259164,47,2,45,,1.0,40.59014922881041,0.11814140000024054,0.33417890000055195
0,1.0,0.0,1.0,0.0,0.0,0.0,0.0,4.442109072042293,48,2,315,,1.0,-49.3609216428074,0.16714929999943706,0.2661375000006956
0,0.0,0.0,1.0,0.0,0.0,0.0,0.0,4.673535305236647,49,1,270,"You will now only see the cursor only at the endpoint of your reach.
Please continue to slice through the target as quickly and accurately as possible.",1.0,-88.57718634397229,0.18289430000004359,0.3162326000001485
0,0.0,0.0,1.0,0.0,0.0,0.0,0.0,-4.071046259955249,50,1,120,,1.0,120.23632868339438,0.20111589999942225,0.2661236000003555
0,0.0,0.0,1.0,0.0,0.0,0.0,0.0,-1.6226768055596472,51,1,135,,1.0,138.7801532983118,0.2500049999998737,0.31612309999945865
0,0.0,0.0,1.0,0.0,0.0,0.0,0.0,-4.3811569859195645,52,1,0,,1.0,-4.161135841580823,0.23324570000113454,0.28217360000053304
0,0.0,0.0,1.0,0.0,0.0,0.0,0.0,-0.4535950058130359,53,1,90,,1.0,92.72172135789668,0.20000439999967057,0.350163999999495
0,0.0,0.0,1.0,0.0,0.0,0.0,0.0,-5.158736003358701,54,1,45,,1.0,52.45551879695738,0.16792180000084045,0.31619580000005953
0,0.0,0.0,1.0,0.0,0.0,0.0,0.0,-2.807391061182753,55,1,315,,1.0,-46.07763449735985,0.23297490000004473,0.26615769999989425
0,0.0,0.0,1.0,0.0,0.0,0.0,0.0,9.895025108102573,56,1,105,,1.0,99.98056409139929,0.2329528999998729,0.26716859999942244
0,0.0,0.0,1.0,0.0,0.0,0.0,0.0,6.452914818923505,57,1,75,,1.0,78.33823124745055,0.18395020000025397,0.26517930000045453
0,0.0,0.0,1.0,0.0,0.0,0.0,0.0,5.068028797361364,58,1,180,,1.0,-173.0561539700104,0.1659706999998889,0.29997569999977713
0,0.0,0.0,1.0,0.0,0.0,0.0,0.0,-7.929671806485666,59,1,225,,1.0,-132.59623758753415,0.16699619999963033,0.35013230000004114
0,0.0,0.0,1.0,0.0,0.0,0.0,0.0,9.056739952858562,60,1,60,,1.0,67.2125082662726,0.2489770000011049,0.3991669999995793
0,0.0,0.0,1.0,0.0,0.0,0.0,0.0,3.217100546510491,61,2,120,,1.0,118.41916520057892,0.21597540000038862,0.3331756999996287
0,0.0,0.0,1.0,0.0,0.0,0.0,0.0,-0.6379067501345262,62,2,60,,1.0,56.600028170560364,0.1819824999984121,0.3351657000002888
0,0.0,0.0,1.0,0.0,0.0,0.0,0.0,3.014568177568158,63,2,0,,1.0,-0.6664949987572757,0.24992049999855226,0.3501940000005561
0,0.0,0.0,1.0,0.0,0.0,0.0,0.0,5.089448837370578,64,2,225,,1.0,-133.85900137446268,0.18297090000123717,0.334161500000846
0,0.0,0.0,1.0,0.0,0.0,0.0,0.0,5.078070445493367,65,2,45,,1.0,40.29974324668024,0.21695059999910882,0.41618490000109887
0,0.0,0.0,1.0,0.0,0.0,0.0,0.0,2.917960995987371,66,2,315,,1.0,-43.8292655682719,0.24999130000105652,0.316146099999969
0,0.0,0.0,1.0,0.0,0.0,0.0,0.0,-3.8581962194495527,67,2,75,,1.0,68.8778816314802,1.3649736999996094,0.4351766999989195
0,0.0,0.0,1.0,0.0,0.0,0.0,0.0,3.6128134026926895,68,2,105,,1.0,105.0736530072232,0.23196269999971264,0.31819589999940945
0,0.0,0.0,1.0,0.0,0.0,0.0,0.0,1.1984452928666751,69,2,90,,1.0,84.69920655673846,0.18298539999886998,0.2831765999999334
0,0.0,0.0,1.0,0.0,0.0,0.0,0.0,-4.376533119003347,70,2,180,,1.0,-177.4763705586778,0.13395459999992454,0.3501732999993692
0,0.0,0.0,1.0,0.0,0.0,0.0,0.0,-1.3715710144799222,71,2,270,,1.0,-85.3694953580209,0.16697129999920435,0.4171920999997383
0,0.0,0.0,1.0,0.0,0.0,0.0,0.0,-2.1461359558824853,72,2,135,,1.0,135.6526658208749,0.2499602000007144,0.33320500000081665
0,0.0,0.0,0.0,0.0,0.0,0.0,0.0,2.3352343745623405,73,1,180,"You will now only see the cursor at the endpoint of your reach on some trials.
On the other trials you will not recieve feedback at all.
Please continue to slice through the target as quickly and accurately as possible.",1.0,-177.59682788179722,0.18301459999929648,0.2651439000001119
0,0.0,0.0,1.0,0.0,0.0,0.0,0.0,3.0122754046877747,74,1,75,,1.0,72.71226160774297,0.18397009999898728,0.316180699999677
0,0.0,0.0,0.0,0.0,0.0,0.0,0.0,1.2628216853135124,75,1,60,,1.0,60.2747803443838,0.13395570000102452,0.3311943999997311
0,0.0,0.0,1.0,0.0,0.0,0.0,0.0,5.881675798016701,76,1,105,,1.0,108.57405873462105,0.1519695999995747,0.350197499999922
0,0.0,0.0,1.0,0.0,0.0,0.0,0.0,0.6149740572832648,77,1,270,,1.0,-90.23721706331023,0.1840026999998372,0.45016039999973145
0,0.0,0.0,1.0,0.0,0.0,0.0,0.0,-3.3016012278162195,78,1,0,,1.0,-3.0967809260675248,0.16495750000103726,0.3691525999984151
0,0.0,0.0,0.0,0.0,0.0,0.0,0.0,-1.0153213269266887,79,1,90,,1.0,82.16023721369221,0.1839772000002995,0.3322846000010031
0,0.0,0.0,1.0,0.0,0.0,0.0,0.0,-4.559347281052834,80,1,315,,1.0,-48.27558411691469,0.23294419999911042,0.4001803999999538
0,0.0,0.0,1.0,0.0,0.0,0.0,0.0,-8.785876018455257,81,1,120,,1.0,121.87532206947215,1.4489986000007775,0.30019090000132564
0,0.0,0.0,1.0,0.0,0.0,0.0,0.0,6.258706696658336,82,1,135,,1.0,133.32748084580132,0.14995829999861598,0.33319979999942007
0,0.0,0.0,0.0,0.0,0.0,0.0,0.0,-3.206693437616332,83,1,225,,1.0,-136.67131863158505,0.14996310000060475,0.40014110000083747
0,0.0,0.0,0.0,0.0,0.0,0.0,0.0,-6.984894230341538,84,1,45,,1.0,43.374878360738684,0.15098680000119202,0.3331828000009409
0,0.0,0.0,0.0,0.0,0.0,0.0,0.0,-0.9689071419680536,85,2,270,,1.0,-86.6019005248528,0.18289530000038212,0.3342262000005576
0,0.0,0.0,0.0,0.0,0.0,0.0,0.0,-0.0921329283346558,86,2,90,,1.0,91.144523721923,0.19895969999925,0.3502095999992889
0,0.0,0.0,1.0,0.0,0.0,0.0,0.0,-2.8855185911583603,87,2,135,,1.0,140.1637939705951,0.1500346000011632,0.5002062999992631
0,0.0,0.0,0.0,0.0,0.0,0.0,0.0,1.4701942743462184,88,2,75,,1.0,75.54365455921472,0.23297329999877547,0.36715539999931934
0,0.0,0.0,0.0,0.0,0.0,0.0,0.0,-1.371824704228917,89,2,180,,1.0,-176.65075948308055,0.13298290000057023,0.5501898000002257
0,0.0,0.0,1.0,0.0,0.0,0.0,0.0,4.662444876232484,90,2,105,,1.0,101.99240515005916,0.16716840000117372,0.3172164999996312
0,0.0,0.0,0.0,0.0,0.0,0.0,0.0,-6.254960852769835,91,2,0,,1.0,-2.6900709116534425,0.16805250000106753,0.31412620000082825
0,0.0,0.0,1.0,0.0,0.0,0.0,0.0,4.557128137553115,92,2,225,,1.0,-138.31828285526865,0.16583859999991546,0.3661997000017436
0,0.0,0.0,1.0,0.0,0.0,0.0,0.0,1.3034723716558363,93,2,315,,1.0,-39.621904252761595,0.14993309999954363,0.36622580000039306
0,0.0,0.0,0.0,0.0,0.0,0.0,0.0,1.637820751855359,94,2,120,,1.0,117.41789043732474,0.13400089999959164,0.35012669999923673
0,0.0,0.0,0.0,0.0,0.0,0.0,0.0,5.184572254850333,95,2,60,,1.0,58.40521931643305,0.21598659999835945,0.3671845000008034
0,0.0,0.0,1.0,0.0,0.0,0.0,0.0,6.903053284096548,96,2,45,,1.0,41.20177721785578,0.11694999999963329,0.29920060000040394
0,0.0,0.0,1.0,0.0,0.0,0.0,1.0,31.53350299743536,97,1,90,"You will now be asked to reach to targets that you have not yet reached to.
You will not receive feedback of any kind for these reaches.Please continue to slice through the target as quickly and accurately as possible.",1.0,85.39162145974151,0.11683959999936633,0.26530540000021574
0,0.0,0.0,0.0,0.0,0.0,0.0,1.0,32.17007404414253,98,1,60,,1.0,55.67513036365331,0.11595029999989492,0.40016599999944447
0,0.0,0.0,0.0,0.0,0.0,0.0,1.0,22.055631196076675,99,1,120,,1.0,118.96009627497482,0.1670075000001816,0.39919219999865163
0,0.0,0.0,0.0,0.0,0.0,0.0,1.0,30.78880583736671,100,1,0,,1.0,-4.23858568346671,0.18299429999933636,0.2831464999999298
0,0.0,0.0,0.0,0.0,0.0,0.0,1.0,31.82247628705672,101,1,135,,1.0,124.62575090220082,0.16609849999986182,0.4001536000014312
0,0.0,0.0,1.0,0.0,0.0,0.0,1.0,29.40272645447049,102,1,90,,1.0,86.25508982590404,0.1499655999996321,0.4001909999988129
0,0.0,0.0,1.0,0.0,0.0,0.0,1.0,28.493458386216904,103,1,90,,1.0,89.27623691305568,0.14997800000128336,0.3821834000009403
0,0.0,0.0,1.0,0.0,0.0,0.0,1.0,26.606708211775263,104,1,90,,1.0,87.90661988911583,0.13401780000094732,0.4001901999999973
0,0.0,0.0,0.0,0.0,0.0,0.0,1.0,28.60584665743438,105,1,315,,1.0,-41.56465406800749,0.13195810000070196,0.48421870000129275
0,0.0,0.0,0.0,0.0,0.0,0.0,1.0,32.20766589332375,106,1,180,,1.0,-176.41012836597142,0.13499810000030266,0.5491544000014983
0,0.0,0.0,0.0,0.0,0.0,0.0,1.0,28.512855965052623,107,1,75,,1.0,65.139705606091,0.15003230000002077,0.3501212999999552
0,0.0,0.0,1.0,0.0,0.0,0.0,1.0,29.713841355435655,108,1,90,,1.0,87.29707955118938,0.147956199998589,0.38519500000074913
0,0.0,0.0,0.0,0.0,0.0,0.0,1.0,30.16331818365156,109,1,225,,1.0,-131.99384442080566,0.15102659999865864,0.3481635999996797
0,0.0,0.0,1.0,0.0,0.0,0.0,1.0,35.1426312735433,110,1,90,,1.0,89.18110859635185,0.18303159999959462,0.38411640000049374
0,0.0,0.0,1.0,0.0,0.0,0.0,1.0,33.86452612536171,111,1,90,,1.0,87.36580322213776,0.15099470000131987,0.3651579000015772
0,0.0,0.0,0.0,0.0,0.0,0.0,1.0,30.476832090560897,112,1,45,,1.0,34.76661850839702,0.1329330000007758,0.3651789000014105
0,0.0,0.0,1.0,0.0,0.0,0.0,1.0,24.50102801205575,113,1,90,,1.0,83.40147836353668,0.11598460000095656,0.3671618000007584
0,0.0,0.0,0.0,0.0,0.0,0.0,1.0,30.753156672381373,114,1,270,,1.0,-84.97431525213918,0.1669990999998845,1.1332048000003851
0,0.0,0.0,1.0,0.0,0.0,0.0,1.0,29.29351253394873,115,1,90,,1.0,89.12031359120012,0.15100510000047507,0.4671379999999772
0,0.0,0.0,1.0,0.0,0.0,0.0,1.0,28.94953149809242,116,1,90,,1.0,83.59957181735896,0.11793089999991935,0.3502118000014889
0,0.0,0.0,1.0,0.0,0.0,0.0,1.0,29.934512584870006,117,1,90,,1.0,85.87907839604911,0.1169662000011158,0.49922200000037265
0,0.0,0.0,0.0,0.0,0.0,0.0,1.0,31.61596088393128,118,1,105,,1.0,95.62326940445749,0.13401450000128534,0.36619860000064364
0,0.0,0.0,0.0,0.0,0.0,0.0,1.0,31.528228912298083,119,2,120,,1.0,114.55494373066449,0.15002930000082415,0.3331439000012324
0,0.0,0.0,1.0,0.0,0.0,0.0,1.0,31.134204803497404,120,2,90,,1.0,83.02198056946436,0.14899569999943196,0.3181186000001617
0,0.0,0.0,0.0,0.0,0.0,0.0,1.0,36.31281859914171,121,2,225,,1.0,-138.93390215694285,0.13494490000084625,0.3821823000016593
0,0.0,0.0,1.0,0.0,0.0,0.0,1.0,30.478078395386174,122,2,90,,1.0,86.54100523103077,0.1669856999997137,0.31618820000039705
0,0.0,0.0,1.0,0.0,0.0,0.0,1.0,19.9241852959602,123,2,90,,1.0,85.98696810784611,0.1339717999999266,0.33415419999982987
0,0.0,0.0,0.0,0.0,0.0,0.0,1.0,32.77947658747004,124,2,60,,1.0,51.21058102628726,0.18500940000012633,0.334128000000419
0,0.0,0.0,0.0,0.0,0.0,0.0,1.0,36.3310415394954,125,2,75,,1.0,63.51830912751476,0.11713259999851289,0.3162155999998504
0,0.0,0.0,1.0,0.0,0.0,0.0,1.0,32.292627543068065,126,2,90,,1.0,84.21892382382535,0.1829438000004302,0.2821913999996468
0,0.0,0.0,0.0,0.0,0.0,0.0,1.0,27.39740595447792,127,2,270,,1.0,-84.65201603230486,0.16495219999887922,0.43417480000061914
0,0.0,0.0,1.0,0.0,0.0,0.0,1.0,25.74862690407524,128,2,90,,1.0,90.55033035780549,0.18206470000041008,0.33416380000016943
0,0.0,0.0,1.0,0.0,0.0,0.0,1.0,32.59499588974859,129,2,90,,1.0,87.58026036434048,0.13296420000006037,0.35018459999992047
0,0.0,0.0,1.0,0.0,0.0,0.0,1.0,29.010472021345574,130,2,90,,1.0,85.22151159633252,0.1319218999997247,0.3352224999998725
0,0.0,0.0,1.0,0.0,0.0,0.0,1.0,31.91351389393873,131,2,90,,1.0,88.60507603280378,0.198029499999393,0.26916030000029423
0,0.0,0.0,0.0,0.0,0.0,0.0,1.0,28.39156570733553,132,2,180,,1.0,179.90455117036436,0.13296259999879112,0.36719970000012836
0,0.0,0.0,0.0,0.0,0.0,0.0,1.0,34.15052303821379,133,2,0,,1.0,-0.17688198576378222,0.1829913999990822,0.41813550000006217
0,0.0,0.0,0.0,0.0,0.0,0.0,1.0,35.56944769165912,134,2,135,,1.0,129.450612210491,0.20001460000094085,0.3321059999998397
0,0.0,0.0,0.0,0.0,0.0,0.0,1.0,35.44357313691205,135,2,105,,1.0,103.8244429801035,0.1510478999989573,0.34918260000085866
0,0.0,0.0,1.0,0.0,0.0,0.0,1.0,27.83925985347769,136,2,90,,1.0,85.72461124897507,0.18195969999942463,0.2511804999994638
0,0.0,0.0,0.0,0.0,0.0,0.0,1.0,33.09081242767423,137,2,45,,1.0,37.70542289485148,0.11699659999976575,0.3661141000011412
0,0.0,0.0,1.0,0.0,0.0,0.0,1.0,25.41877895574977,138,2,90,,1.0,86.38094408095417,0.150992299999416,0.3171773999983998
0,0.0,0.0,1.0,0.0,0.0,0.0,1.0,32.05672328956782,139,2,90,,1.0,76.11717123300264,1.4820050000016636,0.2682107000000542
0,0.0,0.0,0.0,0.0,0.0,0.0,1.0,25.094201513870267,140,2,315,,1.0,-45.35487992418138,0.15099019999979646,0.48217230000045674
0,0.0,0.0,1.0,0.0,0.0,0.0,1.0,33.90790512801842,141,3,90,,1.0,87.15134137467491,0.11597789999905217,0.33115600000019185
0,0.0,0.0,0.0,0.0,0.0,0.0,1.0,25.88719943256817,142,3,120,,1.0,119.7689166902786,0.11495390000163752,0.40018310000050406
0,0.0,0.0,0.0,0.0,0.0,0.0,1.0,24.576843874904828,143,3,105,,1.0,103.06845138254991,0.13398059999963152,0.5331827000009071
0,0.0,0.0,0.0,0.0,0.0,0.0,1.0,29.62188067087916,144,3,180,,1.0,179.25382611522116,0.15199779999966267,0.31515700000090874
0,0.0,0.0,1.0,0.0,0.0,0.0,1.0,33.72110462079585,145,3,90,,1.0,87.56370204926336,0.11796080000021902,0.28218720000040776
0,0.0,0.0,1.0,0.0,0.0,0.0,1.0,32.545988273611755,146,3,90,,1.0,84.62738273516227,0.43301439999959257,0.05119819999890751
0,0.0,0.0,1.0,0.0,0.0,0.0,1.0,32.418440057339545,147,3,90,,1.0,86.9996675194505,0.08298250000007101,0.4171870999998646
0,0.0,0.0,1.0,0.0,0.0,0.0,1.0,23.30213390237641,148,3,90,,1.0,82.14210062825522,0.08399240000107966,0.3661489999994956
0,0.0,0.0,0.0,0.0,0.0,0.0,1.0,24.153019417758387,149,3,45,,1.0,33.098838140696635,0.13298089999989315,0.5001750999999786
0,0.0,0.0,0.0,0.0,0.0,0.0,1.0,24.02260113468271,150,3,225,,1.0,-141.50663862055248,0.15193550000003597,0.4652237000009336
0,0.0,0.0,0.0,0.0,0.0,0.0,1.0,34.188003492413,151,3,60,,1.0,42.68462270817119,0.1819526000017504,0.4001853999998275
0,0.0,0.0,1.0,0.0,0.0,0.0,1.0,21.441669554150018,152,3,90,,1.0,85.36688067537037,0.16692150000017136,0.3491783999998006
0,0.0,0.0,0.0,0.0,0.0,0.0,1.0,33.96462160125975,153,3,270,,1.0,-85.38828682515148,0.16793519999919226,0.45009679999930086
0,0.0,0.0,1.0,0.0,0.0,0.0,1.0,24.967024572160867,154,3,90,,1.0,86.39098707005601,0.11600849999922502,0.33408780000172555
0,0.0,0.0,0.0,0.0,0.0,0.0,1.0,30.432209943174357,155,3,315,,1.0,-47.764332877433205,0.16795929999898362,0.4671911999994336
0,0.0,0.0,0.0,0.0,0.0,0.0,1.0,31.13211814902886,156,3,0,,1.0,-7.095197962594195,0.1669731000001775,0.3161873999997624
0,0.0,0.0,0.0,0.0,0.0,0.0,1.0,29.582401989964424,157,3,135,,1.0,125.61018844223186,0.1831029999993916,0.3001397999996698
0,0.0,0.0,1.0,0.0,0.0,0.0,1.0,26.025243250688632,158,3,90,,1.0,86.39948101245224,0.14997609999954875,0.3981301000003441
0,0.0,0.0,1.0,0.0,0.0,0.0,1.0,26.12758562571452,159,3,90,,1.0,88.93925131791504,0.1499751000010292,0.500064799998654
0,0.0,0.0,1.0,0.0,0.0,0.0,1.0,37.50700982550229,160,3,90,,1.0,85.05628798742939,0.16797740000038175,0.3001030000013998
0,0.0,0.0,0.0,0.0,0.0,0.0,1.0,29.48421205495327,161,3,75,,1.0,56.706614961105316,0.16799379999974917,0.33113330000014685
0,0.0,0.0,1.0,0.0,0.0,0.0,1.0,28.00028083128952,162,3,90,,1.0,87.92742317234169,0.15200409999852127,0.2991383999997197
0,0.0,0.0,1.0,0.0,0.0,0.0,1.0,24.51100569524472,163,4,90,,1.0,80.5450575595,0.09799000000020897,0.2851470000005065
0,0.0,0.0,1.0,0.0,0.0,0.0,1.0,28.67260330226082,164,4,90,,1.0,85.11526983581177,0.13403910000124597,0.44910410000011325
0,0.0,0.0,0.0,0.0,0.0,0.0,1.0,30.29997366668599,165,4,135,,1.0,131.5981275543737,0.23199129999920842,0.3171474999999191
0,0.0,0.0,0.0,0.0,0.0,0.0,1.0,29.27728662904903,166,4,180,,1.0,-179.70288455946377,0.16694169999937003,0.36616639999920153
0,0.0,0.0,1.0,0.0,0.0,0.0,1.0,23.62058444195064,167,4,90,,1.0,90.86924432217134,0.14895919999980833,0.33419080000021495
0,0.0,0.0,1.0,0.0,0.0,0.0,1.0,25.396378689117515,168,4,90,,1.0,87.64687831365087,0.13088539999989734,0.31823350000013306
0,0.0,0.0,0.0,0.0,0.0,0.0,1.0,31.097341676972707,169,4,0,,1.0,-5.308634317340028,0.5330394000011438,0.03216640000027837
0,0.0,0.0,1.0,0.0,0.0,0.0,1.0,32.67237930872611,170,4,90,,1.0,84.73607351838157,0.11596759999883943,0.2671675999990839
0,0.0,0.0,0.0,0.0,0.0,0.0,1.0,37.1600560719388,171,4,60,,1.0,55.2783983286255,0.11697600000115926,0.3841726999999082
0,0.0,0.0,1.0,0.0,0.0,0.0,1.0,24.13100225361501,172,4,90,,1.0,84.5931161836651,0.18197299999883398,0.2831616000003123
0,0.0,0.0,0.0,0.0,0.0,0.0,1.0,29.185503031293457,173,4,75,,1.0,64.71128979244638,0.10002469999926689,0.4161320000002888
0,0.0,0.0,1.0,0.0,0.0,0.0,1.0,28.06705990303148,174,4,90,,1.0,83.07896306431738,0.11694420000094397,0.3001766999987012
0,0.0,0.0,0.0,0.0,0.0,0.0,1.0,29.346986101949728,175,4,120,,1.0,118.06535493176519,0.14887830000043323,0.3992573999985325
0,0.0,0.0,1.0,0.0,0.0,0.0,1.0,32.408586271694695,176,4,90,,1.0,88.6371962592636,0.149965800001155,0.25117629999840574
0,0.0,0.0,0.0,0.0,0.0,0.0,1.0,41.72274468829095,177,4,45,,1.0,40.47069483132188,0.1669845999986137,0.28316260000065085
0,0.0,0.0,0.0,0.0,0.0,0.0,1.0,26.195757237618967,178,4,225,,1.0,-131.45165668406563,0.16716180000003078,0.5141402999997808
0,0.0,0.0,1.0,0.0,0.0,0.0,1.0,32.76679324171746,179,4,90,,1.0,82.08332682063585,0.13294689999929687,0.3171658999999636
0,0.0,0.0,0.0,0.0,0.0,0.0,1.0,29.258923079494814,180,4,315,,1.0,-34.855450145515626,0.18196749999879103,0.4511877999993885
0,0.0,0.0,1.0,0.0,0.0,0.0,1.0,27.87456929330185,181,4,90,,1.0,85.50901258926211,0.1840156999987812,0.30013729999882344
0,0.0,0.0,1.0,0.0,0.0,0.0,1.0,28.66843343846641,182,4,90,,1.0,86.3886944116344,0.16596770000069228,0.36713310000050114
0,0.0,0.0,0.0,0.0,0.0,0.0,1.0,27.80878851153137,183,4,105,,1.0,97.8147458019424,0.150002599999425,0.34810969999853114
0,0.0,0.0,0.0,0.0,0.0,0.0,1.0,27.927658499649304,184,4,270,,1.0,-81.39107407747083,1.2000182000010682,0.8331995000007737
0,0.0,0.0,1.0,0.0,0.0,0.0,1.0,27.007335922182342,185,5,90,,1.0,82.73425583678652,0.1169540999999299,0.38320650000059686
0,0.0,0.0,1.0,0.0,0.0,0.0,1.0,31.134074482041072,186,5,90,,1.0,82.51174522289533,0.1499444000000949,0.31717030000072555
0,0.0,0.0,1.0,0.0,0.0,0.0,1.0,26.559357743627835,187,5,90,,1.0,77.87883979120461,0.11496939999960887,0.31717850000131875
0,0.0,0.0,1.0,0.0,0.0,0.0,1.0,30.048947682178262,188,5,90,,1.0,83.9370543249821,0.13198360000023968,0.3181029999996099
0,0.0,0.0,1.0,0.0,0.0,0.0,1.0,28.148572512053,189,5,90,,1.0,78.28933180393086,0.1829978999994637,0.2341908999987936
0,0.0,0.0,1.0,0.0,0.0,0.0,1.0,35.235288046061534,190,5,90,,1.0,85.77157806929861,0.14795559999947727,0.3341349000002083
0,0.0,0.0,1.0,0.0,0.0,0.0,1.0,29.452211768463265,191,5,90,,1.0,79.91335194117592,0.13403910000124597,0.2501747999995132
0,0.0,0.0,0.0,0.0,0.0,0.0,1.0,29.3764013103439,192,5,0,,1.0,-8.679161260518566,0.16691589999936696,0.5002277999992657
0,0.0,0.0,0.0,0.0,0.0,0.0,1.0,27.790781505769672,193,5,75,,1.0,63.966356869328294,0.09993670000039856,0.46517300000050454
0,0.0,0.0,0.0,0.0,0.0,0.0,1.0,26.181300004157904,194,5,315,,1.0,-47.731713996103935,0.19996340000034252,0.4001786999997421
0,0.0,0.0,0.0,0.0,0.0,0.0,1.0,34.665352823773695,195,5,120,,1.0,109.59647690772515,0.1999718999995821,0.2651984000003722
0,0.0,0.0,1.0,0.0,0.0,0.0,1.0,27.993267312139,196,5,90,,1.0,84.40524367632133,0.16497890000027837,0.2191856999997981
0,0.0,0.0,0.0,0.0,0.0,0.0,1.0,28.757219886349084,197,5,45,,1.0,42.596804055639,0.1998948999989807,0.300288599999476
0,0.0,0.0,0.0,0.0,0.0,0.0,1.0,24.474145222616283,198,5,270,,1.0,-93.91886167399596,1.450000299999374,0.38215450000097917
0,0.0,0.0,1.0,0.0,0.0,0.0,1.0,28.93135662831187,199,5,90,,1.0,84.60749897152186,0.1510508999999729,0.33316610000110813
0,0.0,0.0,0.0,0.0,0.0,0.0,1.0,20.13696936567943,200,5,225,,1.0,-142.78168712180332,1.034027599998808,0.3321265000013227
0,0.0,0.0,0.0,0.0,0.0,0.0,1.0,22.30962100068716,201,5,135,,1.0,132.42635758410887,0.13296169999921403,0.300106800001231
0,0.0,0.0,1.0,0.0,0.0,0.0,1.0,24.015945509282236,202,5,90,,1.0,76.65540686829272,0.11495219999960682,0.3351532999986375
0,0.0,0.0,0.0,0.0,0.0,0.0,1.0,33.62930381606021,203,5,180,,1.0,-174.6631658877023,0.13391289999890432,0.3142172000007122
0,0.0,0.0,1.0,0.0,0.0,0.0,1.0,27.42146603273421,204,5,90,,1.0,85.28986965253554,0.11701349999930244,0.4171416999997746
0,0.0,0.0,0.0,0.0,0.0,0.0,1.0,31.031455065055887,205,5,60,,1.0,51.00204955157678,0.11598070000036387,0.3011482000001706
0,0.0,0.0,0.0,0.0,0.0,0.0,1.0,32.90276112979563,206,5,105,,1.0,108.91490188496621,0.13194020000082674,0.3521688000000722
0,0.0,0.0,0.0,0.0,0.0,0.0,1.0,32.143094041693324,207,6,0,,1.0,-1.5607261121992795,0.1489728999986255,0.4181714999995165
0,0.0,0.0,1.0,0.0,0.0,0.0,1.0,30.28977912476497,208,6,90,,1.0,84.78518957553501,0.14991960000043036,0.28220300000066345
0,0.0,0.0,0.0,0.0,0.0,0.0,1.0,29.96976248727433,209,6,105,,1.0,110.55587603479434,0.1330101999992621,0.33418280000114464
0,0.0,0.0,0.0,0.0,0.0,0.0,1.0,26.933593258506956,210,6,135,,1.0,132.337501749432,0.135001699998611,0.4001148999996076
0,0.0,0.0,0.0,0.0,0.0,0.0,1.0,32.678921762327334,211,6,270,,1.0,-84.66497015813478,0.2000069000005169,0.40014919999885024
0,0.0,0.0,1.0,0.0,0.0,0.0,1.0,30.246779707682272,212,6,90,,1.0,84.54943149700502,0.09901009999884991,0.38215760000093724
0,0.0,0.0,0.0,0.0,0.0,0.0,1.0,27.625628219493205,213,6,60,,1.0,49.85036312012139,0.11598489999960293,0.3511402000003727
0,0.0,0.0,1.0,0.0,0.0,0.0,1.0,32.27770838298473,214,6,90,,1.0,86.91914915914357,0.11700310000014724,0.43512750000081724
0,0.0,0.0,1.0,0.0,0.0,0.0,1.0,28.576556517480046,215,6,90,,1.0,86.19244693918097,0.10004010000011476,0.36711769999965327
0,0.0,0.0,1.0,0.0,0.0,0.0,1.0,32.91838812879915,216,6,90,,1.0,82.8656043909376,0.1161050000009709,0.38313410000046133
0,0.0,0.0,1.0,0.0,0.0,0.0,1.0,28.82058537660487,217,6,90,,1.0,77.15882867417645,0.11595060000036028,0.30018979999840667
0,0.0,0.0,0.0,0.0,0.0,0.0,1.0,33.27584202403468,218,6,225,,1.0,-141.69839892352883,0.11694460000035178,0.5171902999991289
0,0.0,0.0,0.0,0.0,0.0,0.0,1.0,24.04291477897913,219,6,75,,1.0,52.7335348529406,0.11595949999900768,0.40015089999906195
0,0.0,0.0,0.0,0.0,0.0,0.0,1.0,28.979994174770884,220,6,120,,1.0,119.10898400136196,0.13298779999968247,0.38409210000099847
0,0.0,0.0,0.0,0.0,0.0,0.0,1.0,33.86814103638378,221,6,315,,1.0,-41.23120485140593,0.14997150000090187,0.3661814000006416
0,0.0,0.0,0.0,0.0,0.0,0.0,1.0,30.073936796443107,222,6,45,,1.0,38.563203459636235,0.09996060000048601,0.3331681999989087
0,0.0,0.0,1.0,0.0,0.0,0.0,1.0,35.452657136482415,223,6,90,,1.0,80.08669491673562,0.15095629999996163,0.3661846000013611
0,0.0,0.0,1.0,0.0,0.0,0.0,1.0,34.25047651419222,224,6,90,,1.0,82.0259316550762,0.1319923999999446,0.4011728999994375
0,0.0,0.0,1.0,0.0,0.0,0.0,1.0,27.33562913209864,225,6,90,,1.0,77.64240626861029,0.0999643000013748,0.3661940999991202
0,0.0,0.0,0.0,0.0,0.0,0.0,1.0,30.177521213980683,226,6,180,,1.0,176.45331584769627,0.20007559999976365,0.2831267999990814
0,0.0,0.0,1.0,0.0,0.0,0.0,1.0,32.743748810654324,227,6,90,,1.0,82.32937967333092,0.2159830000000511,0.24917309999909776
0,0.0,0.0,1.0,0.0,0.0,0.0,1.0,33.04821611060602,228,6,90,,1.0,80.43718046217055,0.1338374000006297,0.3822907000012492
0,0.0,0.0,1.0,0.0,0.0,0.0,1.0,32.214347087211195,229,7,90,,1.0,81.77473573339174,0.10008109999944281,0.4001585999994859
0,0.0,0.0,1.0,0.0,0.0,0.0,1.0,31.109100983459225,230,7,90,,1.0,69.66408698715716,0.08298240000112855,0.3501577000006364
0,0.0,0.0,1.0,0.0,0.0,0.0,1.0,29.16190789938137,231,7,90,,1.0,76.60652753008027,0.11688619999949879,0.3832964000011998
0,0.0,0.0,0.0,0.0,0.0,0.0,1.0,33.42446706344678,232,7,315,,1.0,-44.09777561144519,0.16507529999944381,0.45120809999934863
0,0.0,0.0,0.0,0.0,0.0,0.0,1.0,36.612692145073815,233,7,270,,1.0,-81.48678171371024,0.1508856000000378,0.31619080000018585
0,0.0,0.0,1.0,0.0,0.0,0.0,1.0,36.94407933207664,234,7,90,,1.0,77.79304124892924,0.18194389999916893,0.33420330000080867
0,0.0,0.0,0.0,0.0,0.0,0.0,1.0,27.44106519121812,235,7,0,,1.0,-10.410508281588587,0.1329223999982787,0.3661320000010164
0,0.0,0.0,0.0,0.0,0.0,0.0,1.0,31.500670178963404,236,7,120,,1.0,126.11947763173461,0.13211620000038238,0.3511804999998276
0,0.0,0.0,1.0,0.0,0.0,0.0,1.0,28.55434058945765,237,7,90,,1.0,83.87389013293559,0.16710969999985537,0.3501513999999588
0,0.0,0.0,0.0,0.0,0.0,0.0,1.0,29.08486492109195,238,7,75,,1.0,61.090216889473204,0.08290889999989304,0.31725400000141235
0,0.0,0.0,0.0,0.0,0.0,0.0,1.0,28.920659034783057,239,7,225,,1.0,-129.75384275623784,0.13275340000109281,0.4004652999992686
0,0.0,0.0,0.0,0.0,0.0,0.0,1.0,31.755242509280293,240,7,60,,1.0,48.52432446212072,0.0999575999994704,0.3833166999993409
0,0.0,0.0,1.0,0.0,0.0,0.0,1.0,31.858150060839204,241,7,90,,1.0,79.57619256049804,0.11594420000074024,0.45017660000121396
0,0.0,0.0,1.0,0.0,0.0,0.0,1.0,28.91614203835246,242,7,90,,1.0,76.72576451983504,0.09993570000006002,0.34917810000115423
0,0.0,0.0,1.0,0.0,0.0,0.0,1.0,28.659421915887727,243,7,90,,1.0,80.83214578164421,0.1159895000000688,0.3501743999986502
0,0.0,0.0,0.0,0.0,0.0,0.0,1.0,31.082489669323657,244,7,180,,1.0,-173.88303578142657,0.0999720999989222,0.4182178000010026
0,0.0,0.0,0.0,0.0,0.0,0.0,1.0,23.33310055887953,245,7,135,,1.0,125.51740274278657,0.249056800001199,0.20018680000066524
0,0.0,0.0,1.0,0.0,0.0,0.0,1.0,26.17834339534259,246,7,90,,1.0,84.33766942360498,0.13311629999952856,0.38415549999990617
0,0.0,0.0,1.0,0.0,0.0,0.0,1.0,28.913389397439172,247,7,90,,1.0,76.27890383489928,0.13100870000016585,0.35214669999913895
0,0.0,0.0,1.0,0.0,0.0,0.0,1.0,24.2981088989738,248,7,90,,1.0,79.63998584768142,0.21510610000041197,0.40016499999910593
0,0.0,0.0,0.0,0.0,0.0,0.0,1.0,28.85743846393604,249,7,45,,1.0,36.52432379824783,0.2649910000000091,0.21803170000021055
0,0.0,0.0,0.0,0.0,0.0,0.0,1.0,26.79721070025233,250,7,105,,1.0,104.62815724982744,0.11694849999912549,0.3331796000002214
0,0.0,0.0,0.0,0.0,0.0,0.0,1.0,33.06320556963915,251,8,45,,1.0,32.288919352218755,0.13300749999871186,0.4491605000002892
0,0.0,0.0,0.0,0.0,0.0,0.0,1.0,23.4035457654664,252,8,0,,1.0,4.55757028576242,0.16694339999958174,0.38301420000061626
0,0.0,0.0,0.0,0.0,0.0,0.0,1.0,31.942272469669227,253,8,120,,1.0,120.06331386040577,0.1340635000015027,0.33309039999949164
0,0.0,0.0,0.0,0.0,0.0,0.0,1.0,32.16900786321178,254,8,270,,1.0,-83.64570656380407,0.15112049999879673,0.8831334999995306
0,0.0,0.0,1.0,0.0,0.0,0.0,1.0,39.361072110689406,255,8,90,,1.0,85.88128860031951,0.09900129999914498,0.4171851000010065
0,0.0,0.0,1.0,0.0,0.0,0.0,1.0,30.10528798290109,256,8,90,,1.0,84.06360442523415,0.11702479999985371,0.43213509999986854
0,0.0,0.0,1.0,0.0,0.0,0.0,1.0,28.301255656867863,257,8,90,,1.0,83.61527472075946,0.09995830000116257,0.3831912999994529
0,0.0,0.0,1.0,0.0,0.0,0.0,1.0,30.2689870314693,258,8,90,,1.0,84.75634057452598,0.1319829000003665,0.2511795999998867
0,0.0,0.0,0.0,0.0,0.0,0.0,1.0,30.427394618818983,259,8,225,,1.0,-134.24247003399913,0.1329475000002276,0.33218420000048354
0,0.0,0.0,1.0,0.0,0.0,0.0,1.0,27.594187713785267,260,8,90,,1.0,87.1446713543723,0.13194760000078531,0.3682184999997844
0,0.0,0.0,0.0,0.0,0.0,0.0,1.0,34.023723298604466,261,8,315,,1.0,-41.75643765356706,0.18201030000091123,0.4161733999990247
0,0.0,0.0,0.0,0.0,0.0,0.0,1.0,25.261826745126456,262,8,105,,1.0,105.71888784447421,0.16580989999965823,0.31831489999967744
0,0.0,0.0,0.0,0.0,0.0,0.0,1.0,22.61289478812291,263,8,75,,1.0,69.35593353875966,0.11799889999929292,0.40012300000125833
0,0.0,0.0,1.0,0.0,0.0,0.0,1.0,37.39695734819772,264,8,90,,1.0,80.66590563113785,0.13295879999895988,0.3481871999993018
0,0.0,0.0,1.0,0.0,0.0,0.0,1.0,25.9850355728667,265,8,90,,1.0,82.33568570625573,0.13297729999976582,0.3160213000010117
0,0.0,0.0,1.0,0.0,0.0,0.0,1.0,30.71080456217176,266,8,90,,1.0,80.96833997819711,0.11503650000122434,0.3521426999996038
0,0.0,0.0,0.0,0.0,0.0,0.0,1.0,34.18807571254182,267,8,180,,1.0,-178.24824562625,0.1839657000000443,0.41620569999940926
0,0.0,0.0,1.0,0.0,0.0,0.0,1.0,31.66430476319119,268,8,90,,1.0,86.80254150274571,0.11600019999968936,0.35016840000025695
0,0.0,0.0,1.0,0.0,0.0,0.0,1.0,30.900258764593023,269,8,90,,1.0,80.88841449165378,0.11695759999929578,0.31619490000048245
0,0.0,0.0,0.0,0.0,0.0,0.0,1.0,31.66330606824633,270,8,135,,1.0,132.75279102650285,0.13399129999925208,0.34915649999857123
0,0.0,0.0,1.0,0.0,0.0,0.0,1.0,31.59653311243636,271,8,90,,1.0,86.41388995459238,0.18194690000018454,0.2831748000007792
0,0.0,0.0,0.0,0.0,0.0,0.0,1.0,32.992058462924,272,8,60,,1.0,37.10636008708925,0.14795750000121188,0.40019759999995586
0,0.0,0.0,1.0,0.0,0.0,0.0,1.0,27.73274504878611,273,9,90,,1.0,82.21505830363436,0.1169504000008601,0.3501742999997077
0,0.0,0.0,1.0,0.0,0.0,0.0,1.0,33.54674677935002,274,9,90,,1.0,83.27822108673588,0.13294630000018515,0.3171922999990784
0,0.0,0.0,0.0,0.0,0.0,0.0,1.0,23.74289741751393,275,9,105,,1.0,112.44380047467479,0.13185689999954775,0.3682661000002554
0,0.0,0.0,0.0,0.0,0.0,0.0,1.0,25.02147449039918,276,9,120,,1.0,132.30693920826894,0.14996059999975841,0.43206799999825307
0,0.0,0.0,0.0,0.0,0.0,0.0,1.0,28.22418064655936,277,9,270,,1.0,-82.46556876540416,0.13398869999946328,0.4491219999999885
0,0.0,0.0,1.0,0.0,0.0,0.0,1.0,27.072461707902907,278,9,90,,1.0,86.61008862463196,0.11697359999925538,0.44816290000017034
0,0.0,0.0,1.0,0.0,0.0,0.0,1.0,27.932263277710277,279,9,90,,1.0,87.2824687780926,0.19998670000131824,0.3171320999990712
0,0.0,0.0,0.0,0.0,0.0,0.0,1.0,30.235847351000345,280,9,180,,1.0,176.24119489647964,0.11802970000098867,0.4161770999999135
0,0.0,0.0,0.0,0.0,0.0,0.0,1.0,22.644197111080288,281,9,135,,1.0,143.6504219541106,0.182948599998781,0.43319440000050236
0,0.0,0.0,0.0,0.0,0.0,0.0,1.0,31.234319520441296,282,9,225,,1.0,-132.12215770249688,0.1680012999986502,0.4501572000008309
0,0.0,0.0,1.0,0.0,0.0,0.0,1.0,29.484603303536115,283,9,90,,1.0,84.27149832249917,0.14993759999924805,0.35020260000055714
0,0.0,0.0,1.0,0.0,0.0,0.0,1.0,33.88691300167864,284,9,90,,1.0,83.58600929227701,0.18300349999844912,0.4001131999993959
0,0.0,0.0,1.0,0.0,0.0,0.0,1.0,31.73174070503505,285,9,90,,1.0,82.81393673996611,0.13297500000044238,0.28217859999858774
0,0.0,0.0,1.0,0.0,0.0,0.0,1.0,30.11593363879613,286,9,90,,1.0,89.94897560229738,0.11697979999917152,0.4501777999994374
0,0.0,0.0,1.0,0.0,0.0,0.0,1.0,23.31097455471701,287,9,90,,1.0,81.19127582108477,0.11798340000132157,0.3651991000006092
0,0.0,0.0,0.0,0.0,0.0,0.0,1.0,30.73558775313157,288,9,45,,1.0,38.22076796254737,0.13301979999960167,0.4341515999985859
0,0.0,0.0,0.0,0.0,0.0,0.0,1.0,32.66534256206531,289,9,75,,1.0,68.0544661483225,0.13293720000001485,0.5832142999988719
0,0.0,0.0,0.0,0.0,0.0,0.0,1.0,27.76304565069096,290,9,0,,1.0,-1.5218991434553404,0.16601149999951303,0.36716830000113987
0,0.0,0.0,0.0,0.0,0.0,0.0,1.0,31.874321258879508,291,9,315,,1.0,-39.31502085664595,0.2679544000002352,0.4991790000003675
0,0.0,0.0,1.0,0.0,0.0,0.0,1.0,31.214619370447693,292,9,90,,1.0,83.7682969762947,0.14901309999913792,0.5520519999990938
0,0.0,0.0,1.0,0.0,0.0,0.0,1.0,33.64076065023649,293,9,90,,1.0,88.34418140471627,0.13396210000064457,0.46618690000104834
0,0.0,0.0,0.0,0.0,0.0,0.0,1.0,32.47676694532878,294,9,60,,1.0,50.394392913349236,0.11599279999973078,0.5341345000015281
0,0.0,0.0,0.0,0.0,0.0,0.0,1.0,28.798936337597866,295,10,105,,1.0,101.51506080404704,0.1340025000008609,0.5151224999990518
0,0.0,0.0,1.0,0.0,0.0,0.0,1.0,29.0441401305513,296,10,90,,1.0,78.31968958787488,0.1329619999996794,0.45017290000032517
0,0.0,0.0,1.0,0.0,0.0,0.0,1.0,32.39053343634706,297,10,90,,1.0,76.73630527750609,0.11788650000016787,0.433252499999071
0,0.0,0.0,0.0,0.0,0.0,0.0,1.0,26.85603818859971,298,10,225,,1.0,-137.72496055770884,0.14999929999976302,0.4501227000000654
0,0.0,0.0,0.0,0.0,0.0,0.0,1.0,30.093721035964684,299,10,120,,1.0,120.37056492136648,0.14995769999950426,0.4001898999995319
0,0.0,0.0,1.0,0.0,0.0,0.0,1.0,30.850969929038943,300,10,90,,1.0,87.08858544006338,0.13297200000124576,0.4001731000007567
0,0.0,0.0,1.0,0.0,0.0,0.0,1.0,37.405114909648326,301,10,90,,1.0,80.05642640429465,0.10000089999994088,0.4001398000000336
0,0.0,0.0,1.0,0.0,0.0,0.0,1.0,27.15425514434291,302,10,90,,1.0,87.55824541524879,0.13399829999980284,0.6661820999997872
0,0.0,0.0,0.0,0.0,0.0,0.0,1.0,26.932441375564828,303,10,315,,1.0,-37.71994221504497,0.65097489999971,0.08320869999988645
0,0.0,0.0,0.0,0.0,0.0,0.0,1.0,25.14545274652752,304,10,0,,1.0,0.33826730689262635,0.11500210000122024,0.45116090000010445
0,0.0,0.0,0.0,0.0,0.0,0.0,1.0,27.421923196885142,305,10,270,,1.0,-80.37002849690309,0.16497369999888178,0.7171483000001899
0,0.0,0.0,0.0,0.0,0.0,0.0,1.0,29.2470510384082,306,10,180,,1.0,179.38668543263668,0.13499050000064017,0.33317840000017895
0,0.0,0.0,1.0,0.0,0.0,0.0,1.0,28.09464985998978,307,10,90,,1.0,85.64717308985387,0.11897520000093209,0.416183599998476
0,0.0,0.0,1.0,0.0,0.0,0.0,1.0,27.78339754506086,308,10,90,,1.0,89.9689580768081,0.13296510000145645,0.38216669999928854
0,0.0,0.0,0.0,0.0,0.0,0.0,1.0,26.96156310089309,309,10,60,,1.0,50.84718406989542,0.13291019999996934,0.4512362999994366
0,0.0,0.0,0.0,0.0,0.0,0.0,1.0,34.684101857456284,310,10,45,,1.0,41.99472196164049,0.1490047000006598,0.36715929999991204
0,0.0,0.0,0.0,0.0,0.0,0.0,1.0,28.68335438754857,311,10,75,,1.0,64.37598814652559,0.11598030000095605,0.3501826000010624
0,0.0,0.0,1.0,0.0,0.0,0.0,1.0,35.3159476956463,312,10,90,,1.0,87.38089107017952,0.13304869999956281,0.33416140000008454
0,0.0,0.0,1.0,0.0,0.0,0.0,1.0,34.32474352969997,313,10,90,,1.0,87.36446219017971,0.1329476999999315,0.43223550000038813
0,0.0,0.0,1.0,0.0,0.0,0.0,1.0,34.12759477720335,314,10,90,,1.0,81.6094437112938,0.1499880999999732,0.3841435999984242
0,0.0,0.0,0.0,0.0,0.0,0.0,1.0,35.87287168744107,315,10,135,,1.0,137.51016148058534,0.15097650000097929,0.4331461000001582
0,0.0,0.0,1.0,0.0,0.0,0.0,1.0,31.61731752863792,316,10,90,,1.0,85.4437868644818,0.1330022000001918,0.3841680000004999
0,0.0,0.0,0.0,0.0,0.0,0.0,1.0,27.94227424689957,317,11,180,,1.0,174.19763597551633,0.1499628000001394,0.2831542999992962
0,0.0,0.0,0.0,0.0,0.0,0.0,1.0,26.35870115798601,318,11,75,,1.0,65.02719182562595,0.09994989999904647,0.36720729999979085
0,0.0,0.0,0.0,0.0,0.0,0.0,1.0,30.943545958993337,319,11,225,,1.0,-123.1630370460495,0.15096930000072462,0.33219259999896167
0,0.0,0.0,1.0,0.0,0.0,0.0,1.0,30.8452609437803,320,11,90,,1.0,87.03672179635714,0.09998020000057295,0.2991996000000654
0,0.0,0.0,1.0,0.0,0.0,0.0,1.0,17.499045767906907,321,11,90,,1.0,86.78957823334805,0.13300150000031863,0.31615899999997055
0,0.0,0.0,0.0,0.0,0.0,0.0,1.0,34.4662715587788,322,11,105,,1.0,109.05245373867278,0.16794779999872844,0.5001847000003181
0,0.0,0.0,0.0,0.0,0.0,0.0,1.0,29.605967580888304,323,11,120,,1.0,121.44415764974045,0.13299220000044443,0.36617740000110643
0,0.0,0.0,0.0,0.0,0.0,0.0,1.0,31.345901878832105,324,11,45,,1.0,40.65977639166431,0.11597529999926337,0.35014650000084657
0,0.0,0.0,1.0,0.0,0.0,0.0,1.0,37.00956481599921,325,11,90,,1.0,85.33831663271975,0.11601609999888751,0.3490908000003401
0,0.0,0.0,1.0,0.0,0.0,0.0,1.0,29.889387532208385,326,11,90,,1.0,81.92892085260443,0.11697999999887543,0.33218570000099135
0,0.0,0.0,0.0,0.0,0.0,0.0,1.0,27.7524787396868,327,11,270,,1.0,-81.51052017429002,0.15086429999973916,0.9172839999991993
0,0.0,0.0,1.0,0.0,0.0,0.0,1.0,24.545243100267964,328,11,90,,1.0,82.19659011873804,0.11698390000128711,0.3151505999994697
0,0.0,0.0,0.0,0.0,0.0,0.0,1.0,28.840251805814507,329,11,135,,1.0,142.0318536647032,0.13398860000052082,0.4481296000012662
0,0.0,0.0,1.0,0.0,0.0,0.0,1.0,28.109923870898054,330,11,90,,1.0,80.19020734151508,0.14999929999976302,0.26543390000006184
0,0.0,0.0,1.0,0.0,0.0,0.0,1.0,31.922523103922725,331,11,90,,1.0,82.56690856731892,0.11596690000078524,0.38217579999945883
0,0.0,0.0,0.0,0.0,0.0,0.0,1.0,28.6641335006089,332,11,60,,1.0,50.855560999040016,0.11599169999863079,0.400177800000165
0,0.0,0.0,0.0,0.0,0.0,0.0,1.0,22.10067523386098,333,11,315,,1.0,-38.23437508859857,0.23292959999889717,0.431194200000391
0,0.0,0.0,1.0,0.0,0.0,0.0,1.0,38.06462463074927,334,11,90,,1.0,84.77849151340708,0.11593370000082359,0.3672146999997494
0,0.0,0.0,1.0,0.0,0.0,0.0,1.0,28.2648040993358,335,11,90,,1.0,83.57344995668971,0.11597230000006675,0.33415790000071866
0,0.0,0.0,0.0,0.0,0.0,0.0,1.0,27.444404943611275,336,11,0,,1.0,4.320888528881599,0.14995430000089982,0.3171566000000894
0,0.0,0.0,1.0,0.0,0.0,0.0,1.0,33.5434042425418,337,11,90,,1.0,85.41075488480267,0.13298020000001998,0.38417219999973895
0,0.0,0.0,1.0,0.0,0.0,0.0,1.0,26.96328775643396,338,11,90,,1.0,92.63776819675397,0.13201489999846672,0.46615850000125647
0,0.0,0.0,0.0,0.0,0.0,0.0,1.0,26.04254973116489,339,12,135,,1.0,128.94808189377264,0.16697389999899315,0.3331850000013219
0,0.0,0.0,0.0,0.0,0.0,0.0,1.0,23.426324301902227,340,12,120,,1.0,115.65751310495057,0.14996400000018184,0.3332712999999785
0,0.0,0.0,1.0,0.0,0.0,0.0,1.0,31.954843830130088,341,12,90,,1.0,82.0114709044096,0.1170166000010795,0.2831545000008191
0,0.0,0.0,0.0,0.0,0.0,0.0,1.0,32.76826290262231,342,12,225,,1.0,-136.35362230357745,0.1670672000000195,0.4001129000007495
0,0.0,0.0,1.0,0.0,0.0,0.0,1.0,26.71133275651032,343,12,90,,1.0,84.60126131354518,0.11804009999832488,0.3331214000008913
0,0.0,0.0,1.0,0.0,0.0,0.0,1.0,23.924948784185304,344,12,90,,1.0,85.59859076670212,0.13295339999967837,0.36719340000126977
0,0.0,0.0,1.0,0.0,0.0,0.0,1.0,27.78595148951274,345,12,90,,1.0,89.37256542348743,0.15097450000030221,0.3991767000006803
0,0.0,0.0,0.0,0.0,0.0,0.0,1.0,29.67147725193161,346,12,105,,1.0,106.31811756605197,0.13301870000032068,0.3171891999991203
0,0.0,0.0,0.0,0.0,0.0,0.0,1.0,28.469322466222376,347,12,270,,1.0,-80.20686788180616,0.1669361000003846,0.43320029999995313
0,0.0,0.0,1.0,0.0,0.0,0.0,1.0,32.00873242051035,348,12,90,,1.0,82.87921962726658,0.11596049999934621,0.41718459999901825
0,0.0,0.0,0.0,0.0,0.0,0.0,1.0,22.765887334622636,349,12,75,,1.0,55.81066780957833,0.13298690000010538,0.4501241999987542
0,0.0,0.0,0.0,0.0,0.0,0.0,1.0,32.54446771751943,350,12,45,,1.0,42.091971620439566,0.10102459999870916,0.4991514000012103
0,0.0,0.0,1.0,0.0,0.0,0.0,1.0,26.676779738673343,351,12,90,,1.0,84.63964030084131,0.21697329999915382,0.2491490000011254
0,0.0,0.0,1.0,0.0,0.0,0.0,1.0,30.573340097691197,352,12,90,,1.0,90.59478298305031,0.1509913999998389,0.36616440000034345
0,0.0,0.0,0.0,0.0,0.0,0.0,1.0,31.87632709779487,353,12,60,,1.0,61.04471077299128,0.1169421999984479,0.36721229999966454
0,0.0,0.0,1.0,0.0,0.0,0.0,1.0,31.77473693417833,354,12,90,,1.0,85.67154239915786,0.09901560000071186,0.3011446000000433
0,0.0,0.0,0.0,0.0,0.0,0.0,1.0,29.931487811767678,355,12,180,,1.0,178.5264194381772,0.18201609999960056,0.2991602000001876
0,0.0,0.0,1.0,0.0,0.0,0.0,1.0,37.953702867651465,356,12,90,,1.0,83.6693283230206,0.11693519999971613,0.3161749000009877
0,0.0,0.0,0.0,0.0,0.0,0.0,1.0,17.56472689810644,357,12,315,,1.0,-42.773513643392654,0.16697649999878195,0.5171951000011177
0,0.0,0.0,0.0,0.0,0.0,0.0,1.0,33.18031534728198,358,12,0,,1.0,5.666322060780752,0.14797120000002906,0.41815929999938817
0,0.0,0.0,1.0,0.0,0.0,0.0,1.0,28.86665024254776,359,12,90,,1.0,87.0325958373442,0.1309674999993149,0.3021629999984725
0,0.0,0.0,1.0,0.0,0.0,0.0,1.0,31.06530372526709,360,12,90,,1.0,86.03884332215733,0.18498949999957404,0.41516090000004624
0,0.0,0.0,1.0,0.0,0.0,0.0,1.0,27.286199480289973,361,13,90,,1.0,87.03714073442929,0.11693750000085856,0.5312094000000798
0,0.0,0.0,1.0,0.0,0.0,0.0,1.0,29.3912490933639,362,13,90,,1.0,84.75370504849285,0.11805939999976545,0.3821709000003466
0,0.0,0.0,1.0,0.0,0.0,0.0,1.0,36.52414105597695,363,13,90,,1.0,83.59432748213072,0.13402059999862104,0.26517339999918477
0,0.0,0.0,0.0,0.0,0.0,0.0,1.0,29.728173036362563,364,13,60,,1.0,49.93907673010189,0.5169789999999921,0.0501390999997966
0,0.0,0.0,0.0,0.0,0.0,0.0,1.0,26.911426703289862,365,13,105,,1.0,101.00625569257005,0.13196919999973034,0.2171834000000672
0,0.0,0.0,1.0,0.0,0.0,0.0,1.0,31.48224036175439,366,13,90,,1.0,82.73220370543997,0.11703180000040447,0.3501085999996576
0,0.0,0.0,1.0,0.0,0.0,0.0,1.0,29.87093244508106,367,13,90,,1.0,80.53168327837717,0.11710549999952491,0.3151510000006965
0,0.0,0.0,0.0,0.0,0.0,0.0,1.0,32.13930486611311,368,13,0,,1.0,-0.8711613235046088,0.15196649999961664,0.36616309999953955
0,0.0,0.0,0.0,0.0,0.0,0.0,1.0,33.17238676037931,369,13,45,,1.0,38.740387349668424,0.13196209999841813,0.3521947999997792
0,0.0,0.0,0.0,0.0,0.0,0.0,1.0,31.211077826014385,370,13,120,,1.0,109.36633336991832,0.16694439999992028,0.3331754999999248
0,0.0,0.0,0.0,0.0,0.0,0.0,1.0,25.218433682992643,371,13,270,,1.0,-80.82819523857792,0.15196670000113954,0.9661878000006254
0,0.0,0.0,1.0,0.0,0.0,0.0,1.0,28.87522346005087,372,13,90,,1.0,83.71992923488368,0.14995249999992666,0.24917889999960607
0,0.0,0.0,0.0,0.0,0.0,0.0,1.0,30.730471366460137,373,13,180,,1.0,177.99555943471125,0.15194220000012137,0.29918130000078236
0,0.0,0.0,0.0,0.0,0.0,0.0,1.0,29.50802818473727,374,13,315,,1.0,-44.308924513040374,0.16497960000015155,0.517148900000393
0,0.0,0.0,0.0,0.0,0.0,0.0,1.0,31.9451754130017,375,13,225,,1.0,-131.90343684872934,0.1499893999989581,0.41614130000016303
0,0.0,0.0,1.0,0.0,0.0,0.0,1.0,26.000123278203255,376,13,90,,1.0,87.965610319121,0.1339955999992526,0.3171818999999232
0,0.0,0.0,1.0,0.0,0.0,0.0,1.0,26.54073291837588,377,13,90,,1.0,85.59675459256412,0.11897949999911361,0.40017970000008063
0,0.0,0.0,1.0,0.0,0.0,0.0,1.0,37.66321799203397,378,13,90,,1.0,80.74763101291988,0.1329662999996799,0.33317210000132036
0,0.0,0.0,0.0,0.0,0.0,0.0,1.0,29.43495694282653,379,13,135,,1.0,129.36808236621718,0.1680090999998356,0.4321458000013081
0,0.0,0.0,1.0,0.0,0.0,0.0,1.0,34.49482071039262,380,13,90,,1.0,82.66504300145682,0.1179563000005146,0.7661939000008715
0,0.0,0.0,1.0,0.0,0.0,0.0,1.0,33.44961418721574,381,13,90,,1.0,85.52224272800032,0.11795299999903364,0.48316179999892483
0,0.0,0.0,0.0,0.0,0.0,0.0,1.0,23.5133743534338,382,13,75,,1.0,65.69208017882717,0.15096619999894756,0.46715799999947194
0,0.0,0.0,0.0,0.0,0.0,0.0,1.0,28.581344313082205,383,14,0,,1.0,5.100282629665152,0.16897529999914696,0.44815829999970447
0,0.0,0.0,0.0,0.0,0.0,0.0,1.0,30.831152153440343,384,14,270,,1.0,-80.37967085309603,0.16692340000008699,0.7992420999999013
0,0.0,0.0,0.0,0.0,0.0,0.0,1.0,30.04004708817068,385,14,60,,1.0,50.48617999091335,0.15092569999978878,0.3831973999986076
0,0.0,0.0,1.0,0.0,0.0,0.0,1.0,33.549134027169835,386,14,90,,1.0,80.84919460314319,0.14894160000039847,0.300179300000309
0,0.0,0.0,1.0,0.0,0.0,0.0,1.0,23.95032871564421,387,14,90,,1.0,82.93181111801255,0.13295409999955154,0.31717639999988023
0,0.0,0.0,0.0,0.0,0.0,0.0,1.0,23.69971835624932,388,14,45,,1.0,44.165103218714876,0.11695879999933823,0.3331903999987844
0,0.0,0.0,1.0,0.0,0.0,0.0,1.0,28.487630438493987,389,14,90,,1.0,79.60288693181111,0.11592419999942649,0.28224169999884907
0,0.0,0.0,1.0,0.0,0.0,0.0,1.0,25.75740147205411,390,14,90,,1.0,86.34970829191234,0.11502250000012282,0.8681832000002032
0,0.0,0.0,1.0,0.0,0.0,0.0,1.0,32.757930878322384,391,14,90,,1.0,81.46012152351818,0.15198920000148064,0.3661489000005531
0,0.0,0.0,0.0,0.0,0.0,0.0,1.0,22.20731417111567,392,14,75,,1.0,59.15450883133322,0.11696030000166502,0.5661452000003919
0,0.0,0.0,0.0,0.0,0.0,0.0,1.0,25.284275653256937,393,14,135,,1.0,132.09598950983766,0.13428839999869524,0.3831619000011415
0,0.0,0.0,1.0,0.0,0.0,0.0,1.0,21.19264802895393,394,14,90,,1.0,83.22309915187931,0.11701100000027509,0.367165900001055
0,0.0,0.0,1.0,0.0,0.0,0.0,1.0,34.05100325224502,395,14,90,,1.0,81.07299650301482,0.11696669999946607,0.3151662000000215
0,0.0,0.0,1.0,0.0,0.0,0.0,1.0,33.83176858466624,396,14,90,,1.0,83.86386329629102,0.13494660000105796,0.38316069999928004
0,0.0,0.0,0.0,0.0,0.0,0.0,1.0,24.18135198643266,397,14,315,,1.0,-37.20247167316806,0.14992979999988165,0.4672485000010056
0,0.0,0.0,0.0,0.0,0.0,0.0,1.0,35.34637238130229,398,14,180,,1.0,177.71998460091407,0.1330189000000246,0.3821751999985281
0,0.0,0.0,0.0,0.0,0.0,0.0,1.0,30.69548169823126,399,14,120,,1.0,108.88181869560162,0.1330086999987543,0.2831786999995529
0,0.0,0.0,0.0,0.0,0.0,0.0,1.0,23.164824489751688,400,14,225,,1.0,-133.0960099626378,0.13396350000039092,0.33320350000030885
0,0.0,0.0,0.0,0.0,0.0,0.0,1.0,30.94397324320806,401,14,105,,1.0,102.1137847072275,0.1499725000012404,0.3000861000000441
0,0.0,0.0,1.0,0.0,0.0,0.0,1.0,29.317470516062528,402,14,90,,1.0,87.24530247240213,0.16593970000030822,0.30016990000149235
0,0.0,0.0,1.0,0.0,0.0,0.0,1.0,33.17441476975756,403,14,90,,1.0,80.89209584031602,0.11723189999975148,0.3001800000001822
0,0.0,0.0,1.0,0.0,0.0,0.0,1.0,29.488079833491344,404,14,90,,1.0,85.1667290194423,0.13494670000000042,0.31623299999955634
0,0.0,0.0,1.0,0.0,0.0,0.0,1.0,31.21614105145227,405,15,90,,1.0,80.91230402836173,0.14995529999941937,0.3501713000005111
0,0.0,0.0,1.0,0.0,0.0,0.0,1.0,21.076994177855312,406,15,90,,1.0,81.73486414469144,0.11698140000044077,0.5331755999995949
0,0.0,0.0,0.0,0.0,0.0,0.0,1.0,29.514348504644182,407,15,75,,1.0,58.30132159268749,0.116916000000856,0.31420149999939895
0,0.0,0.0,0.0,0.0,0.0,0.0,1.0,36.46022209533632,408,15,45,,1.0,37.5106928643073,0.10093620000043302,0.38117810000039754
0,0.0,0.0,1.0,0.0,0.0,0.0,1.0,33.92857873028828,409,15,90,,1.0,81.03792455411464,0.11694870000064839,0.31620920000023034
0,0.0,0.0,1.0,0.0,0.0,0.0,1.0,29.32912021036534,410,15,90,,1.0,83.21841415408565,0.11692029999903752,0.43317300000126124
0,0.0,0.0,1.0,0.0,0.0,0.0,1.0,37.108414112551394,411,15,90,,1.0,81.47480381525708,0.0999878999991779,0.3331732999995438
0,0.0,0.0,0.0,0.0,0.0,0.0,1.0,31.59452657249868,412,15,0,,1.0,4.807709547417011,0.11699810000027355,0.34919629999967583
0,0.0,0.0,1.0,0.0,0.0,0.0,1.0,32.72497634224953,413,15,90,,1.0,78.28972720721522,0.11596009999993839,0.4831730999994761
0,0.0,0.0,1.0,0.0,0.0,0.0,1.0,26.72015873085235,414,15,90,,1.0,86.9583824504041,0.1339306999998371,0.3161758000005648
0,0.0,0.0,0.0,0.0,0.0,0.0,1.0,22.789685608056928,415,15,120,,1.0,119.711984989825,0.13300820000040403,0.4341401000001497
0,0.0,0.0,0.0,0.0,0.0,0.0,1.0,30.37364475371732,416,15,180,,1.0,-176.81970481164987,0.1329236999990826,0.4501849999996921
0,0.0,0.0,0.0,0.0,0.0,0.0,1.0,30.51325968901137,417,15,270,,1.0,-81.5507584577474,0.14993430000140506,0.4832146000007924
0,0.0,0.0,1.0,0.0,0.0,0.0,1.0,29.854244606382487,418,15,90,,1.0,77.18620442950555,0.10096189999967464,0.35043430000041553
0,0.0,0.0,0.0,0.0,0.0,0.0,1.0,33.07976365522927,419,15,135,,1.0,136.11120031453387,0.11596079999981157,0.3841820999987249
0,0.0,0.0,1.0,0.0,0.0,0.0,1.0,27.949268515616083,420,15,90,,1.0,78.03261705730264,0.13294070000119973,0.31620830000065325
0,0.0,0.0,0.0,0.0,0.0,0.0,1.0,26.88287433570276,421,15,105,,1.0,117.5688167195415,0.13294760000098904,0.4511782999998104
0,0.0,0.0,1.0,0.0,0.0,0.0,1.0,31.13371174043579,422,15,90,,1.0,85.74828853776725,0.10094399999979942,0.43422710000049847
0,0.0,0.0,0.0,0.0,0.0,0.0,1.0,34.43996358575805,423,15,225,,1.0,-125.37513336405976,0.14995920000001206,0.3841936999997415
0,0.0,0.0,0.0,0.0,0.0,0.0,1.0,33.065630670980404,424,15,60,,1.0,57.75190040665751,0.117928400000892,0.481223200000386
0,0.0,0.0,0.0,0.0,0.0,0.0,1.0,26.720417661581656,425,15,315,,1.0,-46.44501529974211,0.15098419999958423,0.31516089999968244
0,0.0,0.0,1.0,0.0,0.0,0.0,1.0,31.76578068339586,426,15,90,,1.0,83.49592097740849,0.09992510000120092,0.3832020999998349
0,0.0,0.0,0.0,0.0,0.0,0.0,0.0,6.4530009533805535,427,1,75,You will not receive feedback of any kind for the following reaches.Please continue to slice through the target as quickly and accurately as possible.,1.0,59.8003383368435,0.13394460000017716,0.4001683000005869
0,0.0,0.0,0.0,0.0,0.0,0.0,0.0,-5.391939907722877,428,1,90,,1.0,77.91852912214141,0.11602010000024165,0.4001845000002504
0,0.0,0.0,0.0,0.0,0.0,0.0,0.0,0.979634968284786,429,1,60,,1.0,41.36478278421876,0.13292309999997087,0.48321709999981977
0,0.0,0.0,0.0,0.0,0.0,0.0,0.0,-4.266210597962457,430,1,105,,1.0,113.33994363549355,0.23193800000080955,0.3841719000010926
0,0.0,0.0,0.0,0.0,0.0,0.0,0.0,0.3417215949193092,431,1,135,,1.0,147.989425573623,0.11690880000060133,0.3832040000015695
0,0.0,0.0,0.0,0.0,0.0,0.0,0.0,-0.6416502953576442,432,1,180,,1.0,-178.573354793583,0.13485109999965061,0.36530930000117223
0,0.0,0.0,0.0,0.0,0.0,0.0,0.0,0.6428438033269586,433,1,45,,1.0,45.22905356718091,0.11697400000048219,0.40017359999910695
0,0.0,0.0,0.0,0.0,0.0,0.0,0.0,-0.3569999231538379,434,1,0,,1.0,1.71413467412127,0.09897249999994528,0.5171546999990824
0,0.0,0.0,0.0,0.0,0.0,0.0,0.0,-9.21997737058673,435,1,225,,1.0,-129.04093167804996,0.532935200000793,0.1321933999988687
0,0.0,0.0,0.0,0.0,0.0,0.0,0.0,2.24860606920392,436,1,270,,1.0,-79.09771953460371,0.1319788000000699,0.4181497000008676
0,0.0,0.0,0.0,0.0,0.0,0.0,0.0,2.720427204596008,437,1,315,,1.0,-46.270519379054434,0.16593509999984235,0.8841795000007551
0,0.0,0.0,0.0,0.0,0.0,0.0,0.0,-1.5445223966220558,438,1,120,,1.0,125.36773058244508,0.11692570000013802,0.48316279999926337
0,0.0,0.0,0.0,0.0,0.0,0.0,0.0,5.060429312880561,439,2,315,,1.0,-41.326185601097066,0.1839058000005025,0.3502432000004774
0,0.0,0.0,0.0,0.0,0.0,0.0,0.0,1.128910798050912,440,2,135,,1.0,133.7207143419625,0.14893769999980577,0.4682149999989633
0,0.0,0.0,0.0,0.0,0.0,0.0,0.0,-2.1878931420309184,441,2,105,,1.0,96.2874545972224,0.11593420000099286,0.4330509000010352
0,0.0,0.0,0.0,0.0,0.0,0.0,0.0,-1.2250078426603446,442,2,45,,1.0,35.530912890214154,0.11692389999916486,0.5002029000006587
0,0.0,0.0,0.0,0.0,0.0,0.0,0.0,-5.711057240516111,443,2,0,,1.0,10.265455783301759,0.13296179999997548,0.5171611000005214
0,0.0,0.0,0.0,0.0,0.0,0.0,0.0,3.1257727426317263,444,2,270,,1.0,-77.53925714290682,0.13390739999886137,0.3331818000006024
0,0.0,0.0,0.0,0.0,0.0,0.0,0.0,2.3176778848140414,445,2,120,,1.0,111.88510068596865,0.13298409999879368,0.41614669999944454
0,0.0,0.0,0.0,0.0,0.0,0.0,0.0,2.4117204504535925,446,2,225,,1.0,-120.6444761145893,0.16693400000076508,0.3661560999989888
0,0.0,0.0,0.0,0.0,0.0,0.0,0.0,-2.313387735718946,447,2,60,,1.0,55.04079463013135,0.09893539999939094,0.39919750000080967
0,0.0,0.0,0.0,0.0,0.0,0.0,0.0,-1.1744106715596752,448,2,75,,1.0,66.6552070390184,0.11694189999980154,0.38318120000076306
0,0.0,0.0,0.0,0.0,0.0,0.0,0.0,4.6882417825208265,449,2,180,,1.0,177.21750551611538,0.13393279999945662,0.3672160000005533
0,0.0,0.0,0.0,0.0,0.0,0.0,0.0,-3.3263323606419597,450,2,90,,1.0,88.78354711430602,0.13293879999946512,0.38318040000012843
0,0.0,0.0,1.0,0.0,0.0,0.0,0.0,0.7597840266415735,451,1,60,"You will now only see the cursor throughout your entire reach.
Please continue to slice through the target as quickly and accurately as possible.",1.0,53.1087786392943,0.13491630000135046,0.3331902000008995
0,0.0,0.0,1.0,0.0,0.0,0.0,0.0,4.159723355604703,452,1,270,,1.0,-77.33563817083278,0.16593900000043504,0.48217899999872316
0,0.0,0.0,1.0,0.0,0.0,0.0,0.0,8.356369066053714,453,1,315,,1.0,-40.833053073752666,0.16692280000097526,0.5172124999990046
0,0.0,0.0,1.0,0.0,0.0,0.0,0.0,3.556781366403914,454,1,75,,1.0,72.24347420890935,0.09999359999892476,0.43218249999881664
0,0.0,0.0,1.0,0.0,0.0,0.0,0.0,1.610370403284584,455,1,45,,1.0,34.36265322709924,0.11389199999939592,0.3522394000010536
0,0.0,0.0,1.0,0.0,0.0,0.0,0.0,3.1156099254463694,456,1,180,,1.0,176.15078211118612,0.09992650000094727,0.38317520000055083
0,0.0,0.0,1.0,0.0,0.0,0.0,0.0,6.974899504292808,457,1,105,,1.0,100.37814033812589,0.11597050000091258,0.3841241000009177
0,0.0,0.0,1.0,0.0,0.0,0.0,0.0,4.398677690327396,458,1,120,,1.0,109.9280987672241,0.1339215999996668,0.3331522999997105
0,0.0,0.0,1.0,0.0,0.0,0.0,0.0,3.037394159575678,459,1,90,,1.0,82.14802806592786,0.13293309999971825,0.3181858000007196
0,0.0,0.0,1.0,0.0,0.0,0.0,0.0,1.1575505237072456,460,1,0,,1.0,-3.82600047264806,0.1149771000000328,0.41715880000083416
0,0.0,0.0,1.0,0.0,0.0,0.0,0.0,-2.771490386535824,461,1,225,,1.0,-127.07040578874029,0.21797249999872292,0.36712550000083866
0,0.0,0.0,1.0,0.0,0.0,0.0,0.0,3.0699734144891195,462,1,135,,1.0,132.9616043075225,0.15193809999982477,0.3311993999996048
0,0.0,0.0,1.0,0.0,0.0,0.0,0.0,5.3209299637618,463,2,315,,1.0,-41.19046993395621,1.4519376999996894,0.36619079999945825
0,0.0,0.0,1.0,0.0,0.0,0.0,0.0,3.21746165212424,464,2,90,,1.0,86.62265878624883,0.09897950000049605,0.5001658000001044
0,0.0,0.0,1.0,0.0,0.0,0.0,0.0,-1.8524799373214744,465,2,105,,1.0,102.46303878990689,0.13298419999955513,0.35017139999945357
0,0.0,0.0,1.0,0.0,0.0,0.0,0.0,2.06029176649018,466,2,135,,1.0,135.13648970733865,0.14995120000094175,0.30018659999950614
0,0.0,0.0,1.0,0.0,0.0,0.0,0.0,-4.760506512636852,467,2,45,,1.0,33.892609114204866,0.09999789999892528,0.3671692999996594
0,0.0,0.0,1.0,0.0,0.0,0.0,0.0,3.497142765088649,468,2,60,,1.0,59.80987606372717,0.11694269999861717,0.31717810000009194
0,0.0,0.0,1.0,0.0,0.0,0.0,0.0,4.979757769747662,469,2,180,,1.0,175.8358853852609,0.1829675999997562,0.33418389999860665
0,0.0,0.0,1.0,0.0,0.0,0.0,0.0,3.447151879496829,470,2,75,,1.0,68.81303254519025,0.115975000000617,0.31719039999916276
0,0.0,0.0,1.0,0.0,0.0,0.0,0.0,-6.4414857053925125,471,2,270,,1.0,-84.87375715872157,0.14893689999917115,0.40018810000037774
0,0.0,0.0,1.0,0.0,0.0,0.0,0.0,-5.095707520965314,472,2,0,,1.0,3.823226883334101,0.11600880000150937,0.33416829999987385
0,0.0,0.0,1.0,0.0,0.0,0.0,0.0,-0.6731303377496012,473,2,225,,1.0,-123.91199713119848,0.082960899999307,0.3311649999996007
0,0.0,0.0,1.0,0.0,0.0,0.0,0.0,0.7059535849593213,474,2,120,,1.0,107.77839156972668,0.13393449999966833,0.4002333999997063
