Unnamed: 0,cursor_vis,midpoint_vis,endpoint_vis,cursor_sig,cursor_mp_sig,cursor_ep_sig,clamp,rot,trial,cycle,target_angle,no_uncertainty,low_uncertainty,high_uncertainty,unlimited_uncertainty,endpoint_theta,movement_time,movement_initiation_time,previous_uncertainty
0,1.0,1.0,0.0,0.0,0.0,0.0,0.0,0.0,1,0,90,0.0,0.0,0.0,0.0,87.55949698730683,0.1328577000003861,0.5322768000005453,no_uncertainty
0,1.0,1.0,0.0,0.0,0.0,0.0,0.0,0.0,2,1,90,0.0,0.0,0.0,0.0,86.64678033140156,0.132950800000799,0.3672553000005791,no_uncertainty
0,1.0,1.0,0.0,0.0,0.0,0.0,0.0,0.0,3,2,90,0.0,0.0,0.0,0.0,91.2946248684337,0.1339428000001135,0.3832009999996444,no_uncertainty
0,1.0,1.0,0.0,0.0,0.0,0.0,0.0,0.0,4,3,90,0.0,0.0,0.0,0.0,89.26079197293456,0.1339662000000316,0.3501809999997931,no_uncertainty
0,1.0,1.0,0.0,0.0,0.0,0.0,0.0,0.0,5,4,90,0.0,0.0,0.0,0.0,90.60826394411082,0.1499754999995275,0.41617369999949,no_uncertainty
0,1.0,1.0,0.0,0.0,0.0,0.0,0.0,0.0,6,5,90,0.0,0.0,0.0,0.0,89.61671988348077,0.1309247999997751,0.2862720000002809,no_uncertainty
0,1.0,1.0,0.0,0.0,0.0,0.0,0.0,0.0,7,6,90,0.0,0.0,0.0,0.0,91.96661418361596,0.1329162000001815,0.3322253999995155,no_uncertainty
0,1.0,1.0,0.0,0.0,0.0,0.0,0.0,0.0,8,7,90,0.0,0.0,0.0,0.0,89.32515826449131,0.131911399999808,0.2681824999999662,no_uncertainty
0,1.0,1.0,0.0,0.0,0.0,0.0,0.0,0.0,9,8,90,0.0,0.0,0.0,0.0,88.68993086591624,0.1509196999995765,0.3002746999991359,no_uncertainty
0,1.0,1.0,0.0,0.0,0.0,0.0,0.0,0.0,10,9,90,0.0,0.0,0.0,0.0,88.61085708010826,0.1330453999999008,0.3342522000002645,no_uncertainty
0,1.0,1.0,0.0,0.0,0.0,0.0,0.0,0.0,11,10,90,0.0,0.0,0.0,0.0,87.16545848857429,0.116884499999287,0.333266900000126,no_uncertainty
0,1.0,1.0,0.0,0.0,0.0,0.0,0.0,0.0,12,11,90,0.0,0.0,0.0,0.0,91.11455374595604,0.1330502999999225,0.3822491999999329,no_uncertainty
0,1.0,1.0,0.0,0.0,0.0,0.0,0.0,0.0,13,12,90,0.0,0.0,0.0,0.0,89.90556348708226,0.1329259999993155,0.3002303999992364,no_uncertainty
0,1.0,1.0,0.0,0.0,0.0,0.0,0.0,0.0,14,13,90,0.0,0.0,0.0,0.0,91.0674691185809,0.132934700000078,0.3001608000004125,no_uncertainty
0,1.0,1.0,0.0,0.0,0.0,0.0,0.0,0.0,15,14,90,0.0,0.0,0.0,0.0,91.05119587565297,0.1339289999996253,0.3332360999993398,no_uncertainty
0,1.0,1.0,0.0,0.0,0.0,0.0,0.0,0.0,16,15,90,0.0,0.0,0.0,0.0,84.28093051478982,0.1349088000006304,0.3832634999998845,no_uncertainty
0,1.0,1.0,0.0,0.0,0.0,0.0,0.0,0.0,17,16,90,0.0,0.0,0.0,0.0,91.89717648629508,0.1319150999997873,0.3002376000004005,no_uncertainty
0,1.0,1.0,0.0,0.0,0.0,0.0,0.0,0.0,18,17,90,0.0,0.0,0.0,0.0,90.0963731997564,0.1329559999994671,0.4502150999996956,no_uncertainty
0,1.0,1.0,0.0,0.0,0.0,0.0,0.0,0.0,19,18,90,0.0,0.0,0.0,0.0,91.39096297367723,0.1339229999994131,0.3172231999997166,no_uncertainty
0,1.0,1.0,0.0,0.0,0.0,0.0,0.0,0.0,20,19,90,0.0,0.0,0.0,0.0,91.0812741818839,0.1319076999998287,0.3842069000002084,no_uncertainty
0,0.0,1.0,0.0,0.0,1.0,0.0,0.0,7.104158346509529,21,20,90,0.0,0.0,1.0,0.0,93.8991638330553,0.1477854999993724,0.3352188999997452,no_uncertainty
0,0.0,1.0,0.0,0.0,1.0,0.0,0.0,13.906673876761094,22,21,90,0.0,0.0,1.0,0.0,90.73960983208195,0.1147086000000854,0.4354116999993493,high_uncertainty
0,0.0,1.0,0.0,0.0,1.0,0.0,0.0,16.41933071489355,23,22,90,0.0,0.0,1.0,0.0,89.00897375084162,0.1338095999999495,0.4312026000006881,high_uncertainty
0,0.0,1.0,0.0,0.0,1.0,0.0,0.0,21.220513613689853,24,23,90,0.0,0.0,0.0,1.0,89.32838572159257,0.1327815999993618,0.3332172000000355,high_uncertainty
0,0.0,1.0,0.0,0.0,1.0,0.0,0.0,8.331653810933915,25,24,90,1.0,0.0,0.0,0.0,90.81904185822576,0.1337902999994185,0.3162700000002587,unlimited_uncertainty
0,0.0,1.0,0.0,0.0,1.0,0.0,0.0,14.897554711339415,26,25,90,0.0,1.0,0.0,0.0,87.75558144898358,0.1317640000006577,0.4002276000001075,no_uncertainty
0,0.0,1.0,0.0,0.0,1.0,0.0,0.0,13.178185922202406,27,26,90,0.0,1.0,0.0,0.0,86.92114603886324,0.1348032999994757,0.3162308000000848,low_uncertainty
0,0.0,1.0,0.0,0.0,1.0,0.0,0.0,11.762346304935686,28,27,90,1.0,0.0,0.0,0.0,87.8734459467832,0.1327921000001879,0.3832294999992882,low_uncertainty
0,0.0,1.0,0.0,0.0,1.0,0.0,0.0,6.0983107117480975,29,28,90,0.0,0.0,1.0,0.0,84.63714874032252,0.1497976000000562,0.3162366000005931,no_uncertainty
0,0.0,1.0,0.0,0.0,1.0,0.0,0.0,8.62261031520079,30,29,90,0.0,0.0,1.0,0.0,87.38967338376375,0.1497921999998652,0.3502558000000135,high_uncertainty
0,0.0,1.0,0.0,0.0,1.0,0.0,0.0,9.194619793474184,31,30,90,0.0,0.0,1.0,0.0,83.11106593381005,0.1497469000005367,0.4652191000004677,high_uncertainty
0,0.0,1.0,0.0,0.0,1.0,0.0,0.0,11.150214451341697,32,31,90,0.0,0.0,1.0,0.0,89.27792251176616,0.1497877000001608,0.4672134000002188,high_uncertainty
0,0.0,1.0,0.0,0.0,1.0,0.0,0.0,10.445835568856555,33,32,90,1.0,0.0,0.0,0.0,86.3796025996592,0.1677714999996169,0.5492597000002206,high_uncertainty
0,0.0,1.0,0.0,0.0,1.0,0.0,0.0,12.66712560771612,34,33,90,0.0,0.0,1.0,0.0,82.32412309553251,0.1356968999998571,0.416364099999555,no_uncertainty
0,0.0,1.0,0.0,0.0,1.0,0.0,0.0,17.141666666601314,35,34,90,1.0,0.0,0.0,0.0,84.40639190324711,0.1317748999999821,0.5681838000000425,high_uncertainty
0,0.0,1.0,0.0,0.0,1.0,0.0,0.0,11.799867282573716,36,35,90,0.0,0.0,1.0,0.0,86.19880118168821,0.2157225999999354,0.3831553999998505,no_uncertainty
0,0.0,1.0,0.0,0.0,1.0,0.0,0.0,7.59424398016849,37,36,90,1.0,0.0,0.0,0.0,87.7201453454979,0.1848399000000427,0.3660958000000391,high_uncertainty
0,0.0,1.0,0.0,0.0,1.0,0.0,0.0,12.858651285067593,38,37,90,0.0,0.0,1.0,0.0,83.62140820275604,0.148826800000279,0.45020360000035,no_uncertainty
0,0.0,1.0,0.0,0.0,1.0,0.0,0.0,10.990811999340176,39,38,90,1.0,0.0,0.0,0.0,85.48476163462266,0.1668409999992945,0.4332021000000168,high_uncertainty
0,0.0,1.0,0.0,0.0,1.0,0.0,0.0,10.75091580303924,40,39,90,0.0,0.0,1.0,0.0,79.9552490705108,0.1827849999999671,0.4652470999999423,no_uncertainty
0,0.0,1.0,0.0,0.0,1.0,0.0,0.0,1.647772147483641,41,40,90,0.0,0.0,0.0,1.0,82.35168682690335,0.1667866999996476,0.3502896999998484,high_uncertainty
0,0.0,1.0,0.0,0.0,1.0,0.0,0.0,13.714629310567672,42,41,90,1.0,0.0,0.0,0.0,82.79859785001399,0.1668159999999261,0.5001834000004237,unlimited_uncertainty
0,0.0,1.0,0.0,0.0,1.0,0.0,0.0,11.950746469829213,43,42,90,0.0,1.0,0.0,0.0,77.9635099839536,0.1667680000000473,0.3332664000008662,no_uncertainty
0,0.0,1.0,0.0,0.0,1.0,0.0,0.0,15.449207610375664,44,43,90,0.0,0.0,0.0,1.0,81.18485251863576,0.1668144999994183,0.4502082999997583,low_uncertainty
0,0.0,1.0,0.0,0.0,1.0,0.0,0.0,16.614995932802564,45,44,90,0.0,1.0,0.0,0.0,82.21290315580931,0.1667938000000504,0.3662419000002046,unlimited_uncertainty
0,0.0,1.0,0.0,0.0,1.0,0.0,0.0,6.090541579458501,46,45,90,1.0,0.0,0.0,0.0,83.77946394034986,0.1657963999996354,0.3672257999996873,low_uncertainty
0,0.0,1.0,0.0,0.0,1.0,0.0,0.0,14.700466130259649,47,46,90,0.0,1.0,0.0,0.0,82.79321800262986,0.1658055999996577,0.4682010999995327,no_uncertainty
0,0.0,1.0,0.0,0.0,1.0,0.0,0.0,14.25253437280118,48,47,90,0.0,1.0,0.0,0.0,80.90402284542805,0.1828247000003102,0.3341951000002154,low_uncertainty
0,0.0,1.0,0.0,0.0,1.0,0.0,0.0,10.459602524540468,49,48,90,0.0,0.0,0.0,1.0,80.86341688155831,0.1498182000004817,0.3342146999993929,low_uncertainty
0,0.0,1.0,0.0,0.0,1.0,0.0,0.0,12.205506657539177,50,49,90,1.0,0.0,0.0,0.0,81.06207532902292,0.1338202000006276,0.4001581000002261,unlimited_uncertainty
0,0.0,1.0,0.0,0.0,1.0,0.0,0.0,7.319729890948858,51,50,90,1.0,0.0,0.0,0.0,83.58607248445473,0.1338015999999697,0.3651881000005232,no_uncertainty
0,0.0,1.0,0.0,0.0,1.0,0.0,0.0,6.9495762397528775,52,51,90,0.0,0.0,1.0,0.0,86.26913759987977,0.1488158999991355,0.3682216999995944,no_uncertainty
0,0.0,1.0,0.0,0.0,1.0,0.0,0.0,17.70225170205265,53,52,90,0.0,1.0,0.0,0.0,86.31811627623112,0.1987857000003714,0.2672499999998763,high_uncertainty
0,0.0,1.0,0.0,0.0,1.0,0.0,0.0,14.321296367447957,54,53,90,0.0,0.0,1.0,0.0,78.92077244005249,0.1347716000000218,0.3822573999996166,low_uncertainty
0,0.0,1.0,0.0,0.0,1.0,0.0,0.0,14.15017261824864,55,54,90,1.0,0.0,0.0,0.0,74.18034106854287,0.1337907999995877,0.384231500000169,high_uncertainty
0,0.0,1.0,0.0,0.0,1.0,0.0,0.0,6.083588055894286,56,55,90,0.0,0.0,0.0,1.0,84.28696625398376,0.1467709999997168,0.3861715000002732,no_uncertainty
0,0.0,1.0,0.0,0.0,1.0,0.0,0.0,12.15289508285309,57,56,90,0.0,0.0,0.0,1.0,84.52616136250239,0.1498126999995293,0.450204699999631,unlimited_uncertainty
0,0.0,1.0,0.0,0.0,1.0,0.0,0.0,14.79771645417801,58,57,90,0.0,1.0,0.0,0.0,89.77184654642859,0.1497629000004963,0.3332226000002265,unlimited_uncertainty
0,0.0,1.0,0.0,0.0,1.0,0.0,0.0,10.121699610141684,59,58,90,0.0,1.0,0.0,0.0,83.88189169407208,0.1667890999997325,0.3162340000008043,low_uncertainty
0,0.0,1.0,0.0,0.0,1.0,0.0,0.0,8.48019021468962,60,59,90,0.0,0.0,1.0,0.0,85.34188730305704,0.1667650999997931,0.4002285999995365,low_uncertainty
0,0.0,1.0,0.0,0.0,1.0,0.0,0.0,13.331259571646717,61,60,90,0.0,0.0,0.0,1.0,88.14811259796548,0.1998012000003655,0.3992350000007718,high_uncertainty
0,0.0,1.0,0.0,0.0,1.0,0.0,0.0,14.518993530983176,62,61,90,0.0,0.0,1.0,0.0,85.77560901234928,0.1668214000001171,0.3489641999995001,unlimited_uncertainty
0,0.0,1.0,0.0,0.0,1.0,0.0,0.0,4.25295464177032,63,62,90,0.0,1.0,0.0,0.0,81.60082381495904,0.1497779000001173,0.3002293999998073,high_uncertainty
0,0.0,1.0,0.0,0.0,1.0,0.0,0.0,18.910905456944565,64,63,90,0.0,0.0,1.0,0.0,85.84273527935724,0.1178189000002021,0.4832423999996535,low_uncertainty
0,0.0,1.0,0.0,0.0,1.0,0.0,0.0,10.96237009682586,65,64,90,1.0,0.0,0.0,0.0,87.39380797173158,0.1497770000005402,0.3822084000003087,high_uncertainty
0,0.0,1.0,0.0,0.0,1.0,0.0,0.0,9.431279677869597,66,65,90,0.0,0.0,0.0,1.0,84.73933349787015,0.1327903000001242,0.4992538999995304,no_uncertainty
0,0.0,1.0,0.0,0.0,1.0,0.0,0.0,9.85410334200798,67,66,90,1.0,0.0,0.0,0.0,82.99290446041451,0.1327559000001201,0.4502652999999554,unlimited_uncertainty
0,0.0,1.0,0.0,0.0,1.0,0.0,0.0,12.308032200467483,68,67,90,0.0,1.0,0.0,0.0,84.89764152177443,0.1336254999996526,0.349326800000199,no_uncertainty
0,0.0,1.0,0.0,0.0,1.0,0.0,0.0,10.833256230193111,69,68,90,1.0,0.0,0.0,0.0,86.2992756310214,0.1478358999993361,0.3511627999996562,low_uncertainty
0,0.0,1.0,0.0,0.0,1.0,0.0,0.0,15.13507911833734,70,69,90,1.0,0.0,0.0,0.0,83.29773663594275,0.1167792999995072,0.3660575000003518,no_uncertainty
0,0.0,1.0,0.0,0.0,1.0,0.0,0.0,3.2675720382776223,71,70,90,0.0,1.0,0.0,0.0,82.30856046708334,0.1506790000003093,0.4333298999999897,no_uncertainty
0,0.0,1.0,0.0,0.0,1.0,0.0,0.0,6.642739639063732,72,71,90,0.0,0.0,0.0,1.0,84.98481862209032,0.1327612000004592,0.3342531999996936,low_uncertainty
0,0.0,1.0,0.0,0.0,1.0,0.0,0.0,11.951989051898993,73,72,90,0.0,0.0,1.0,0.0,84.66506652568924,0.1157771999996839,0.3341800999996849,unlimited_uncertainty
0,0.0,1.0,0.0,0.0,1.0,0.0,0.0,5.213017625401543,74,73,90,0.0,0.0,0.0,1.0,82.86598278937129,0.1158926999996765,0.333224699999846,high_uncertainty
0,0.0,1.0,0.0,0.0,1.0,0.0,0.0,9.239002365826016,75,74,90,1.0,0.0,0.0,0.0,81.88801786740954,0.1347714000003179,0.2832287999999607,unlimited_uncertainty
0,0.0,1.0,0.0,0.0,1.0,0.0,0.0,12.217030484433296,76,75,90,0.0,0.0,1.0,0.0,88.08911761312419,0.1338135999994847,0.3001960000001418,no_uncertainty
0,0.0,1.0,0.0,0.0,1.0,0.0,0.0,-1.8701377727135533,77,76,90,0.0,1.0,0.0,0.0,81.63245829834331,0.1157643000005919,0.3351944999994884,high_uncertainty
0,0.0,1.0,0.0,0.0,1.0,0.0,0.0,12.061959562252818,78,77,90,1.0,0.0,0.0,0.0,83.74854965050108,0.1148069999999279,0.3172366999997393,low_uncertainty
0,0.0,1.0,0.0,0.0,1.0,0.0,0.0,15.374643531301224,79,78,90,0.0,1.0,0.0,0.0,88.80489031051204,0.1348232999998799,0.3331918999992922,no_uncertainty
0,0.0,1.0,0.0,0.0,1.0,0.0,0.0,11.650678527836796,80,79,90,0.0,0.0,0.0,1.0,84.15712915277447,0.1157808999996632,0.2512175000001662,low_uncertainty
0,0.0,1.0,0.0,0.0,1.0,0.0,0.0,12.07160171985686,81,80,90,0.0,0.0,1.0,0.0,87.81574097290373,0.164799099999982,0.3352214000005915,unlimited_uncertainty
0,0.0,1.0,0.0,0.0,1.0,0.0,0.0,13.339716699714732,82,81,90,0.0,1.0,0.0,0.0,83.5046026473576,0.1668086999998195,0.3002285999991727,high_uncertainty
0,0.0,1.0,0.0,0.0,1.0,0.0,0.0,12.821553689793207,83,82,90,1.0,0.0,0.0,0.0,84.38856163581343,0.1998290999999881,0.3002369000005274,low_uncertainty
0,0.0,1.0,0.0,0.0,1.0,0.0,0.0,15.686230914919111,84,83,90,0.0,0.0,0.0,1.0,80.75421332736106,0.1337072000005719,0.2833070000006046,no_uncertainty
0,0.0,1.0,0.0,0.0,1.0,0.0,0.0,21.720556073602506,85,84,90,0.0,0.0,1.0,0.0,85.65509727594731,0.1498036000002685,0.3002400999994279,unlimited_uncertainty
0,0.0,1.0,0.0,0.0,1.0,0.0,0.0,14.24083420540964,86,85,90,0.0,0.0,1.0,0.0,83.51034113654012,0.1348230000003241,0.3330905000002531,high_uncertainty
0,0.0,1.0,0.0,0.0,1.0,0.0,0.0,13.75624896060949,87,86,90,1.0,0.0,0.0,0.0,81.60080321456903,0.1489955000006375,0.3342158000004929,high_uncertainty
0,0.0,1.0,0.0,0.0,1.0,0.0,0.0,19.34957055204451,88,87,90,0.0,0.0,0.0,1.0,80.59473653871143,0.1337832999997772,0.2992254999999204,no_uncertainty
0,0.0,1.0,0.0,0.0,1.0,0.0,0.0,6.45439151738043,89,88,90,0.0,0.0,1.0,0.0,81.26396571332192,0.1348298000002614,0.3330802000000403,unlimited_uncertainty
0,0.0,1.0,0.0,0.0,1.0,0.0,0.0,14.2922028941008,90,89,90,0.0,1.0,0.0,0.0,83.43764133023976,0.1487933999997039,0.3352318999995987,high_uncertainty
0,0.0,1.0,0.0,0.0,1.0,0.0,0.0,12.928306119906969,91,90,90,0.0,1.0,0.0,0.0,79.61585081149181,0.1846796999998332,0.2501969000004465,low_uncertainty
0,0.0,1.0,0.0,0.0,1.0,0.0,0.0,15.002179802942583,92,91,90,1.0,0.0,0.0,0.0,83.84071345034421,0.1998162999998385,0.4002162999995562,low_uncertainty
0,0.0,1.0,0.0,0.0,1.0,0.0,0.0,9.287930984842207,93,92,90,0.0,0.0,0.0,1.0,74.93394100170929,0.1346690999998827,0.3173329000001104,no_uncertainty
0,0.0,1.0,0.0,0.0,1.0,0.0,0.0,8.833255367671445,94,93,90,0.0,0.0,0.0,1.0,85.01103846972123,0.1667980999991414,0.2992310999998153,unlimited_uncertainty
0,0.0,1.0,0.0,0.0,1.0,0.0,0.0,9.7371910850512,95,94,90,0.0,0.0,0.0,1.0,83.11583390358325,0.199817400000029,0.2351662000000942,unlimited_uncertainty
0,0.0,1.0,0.0,0.0,1.0,0.0,0.0,9.989239168873397,96,95,90,0.0,1.0,0.0,0.0,82.87005625220249,0.1678124999998544,0.2501680999994278,unlimited_uncertainty
0,0.0,1.0,0.0,0.0,1.0,0.0,0.0,6.710506072343474,97,96,90,0.0,0.0,0.0,1.0,79.28458994967546,0.1148128000004362,0.4001920999999129,low_uncertainty
0,0.0,1.0,0.0,0.0,1.0,0.0,0.0,11.117494616090536,98,97,90,0.0,0.0,0.0,1.0,87.5791948590631,0.1497795999994196,0.3672491999996055,unlimited_uncertainty
0,0.0,1.0,0.0,0.0,1.0,0.0,0.0,16.483048335965943,99,98,90,0.0,1.0,0.0,0.0,85.73698770222715,0.1637969000003067,0.3520895999999993,unlimited_uncertainty
0,0.0,1.0,0.0,0.0,1.0,0.0,0.0,7.854048769072052,100,99,90,1.0,0.0,0.0,0.0,84.74464596333854,0.1687742999993133,0.3002378999999564,low_uncertainty
0,0.0,1.0,0.0,0.0,1.0,0.0,0.0,7.601200142037952,101,100,90,0.0,0.0,0.0,1.0,86.28054853464045,0.1499043999992864,0.3491997999999512,no_uncertainty
0,0.0,1.0,0.0,0.0,1.0,0.0,0.0,14.324728208750866,102,101,90,1.0,0.0,0.0,0.0,85.14292103811893,0.1847883999998885,0.4332122000005256,unlimited_uncertainty
0,0.0,1.0,0.0,0.0,1.0,0.0,0.0,10.044096586612284,103,102,90,0.0,1.0,0.0,0.0,82.15098328276439,0.1668310000004567,0.3832053000005544,no_uncertainty
0,0.0,1.0,0.0,0.0,1.0,0.0,0.0,5.8119819841747935,104,103,90,0.0,0.0,0.0,1.0,82.68589238078087,0.1327218000005814,0.5832139000003735,low_uncertainty
0,0.0,1.0,0.0,0.0,1.0,0.0,0.0,18.43889000518623,105,104,90,1.0,0.0,0.0,0.0,84.52411820259951,0.1498109000003751,0.2828242000005048,unlimited_uncertainty
0,0.0,1.0,0.0,0.0,1.0,0.0,0.0,8.365181056511432,106,105,90,0.0,0.0,1.0,0.0,82.32559139710054,0.149794799999654,0.5173494000000574,no_uncertainty
0,0.0,1.0,0.0,0.0,1.0,0.0,0.0,18.045886817449144,107,106,90,1.0,0.0,0.0,0.0,84.98895193997427,0.1498473999999987,0.282220099999904,high_uncertainty
0,0.0,1.0,0.0,0.0,1.0,0.0,0.0,19.98321398480828,108,107,90,0.0,0.0,0.0,1.0,80.58706686799748,0.1669131999997262,0.4011942999995881,no_uncertainty
0,0.0,1.0,0.0,0.0,1.0,0.0,0.0,17.458110450273228,109,108,90,0.0,1.0,0.0,0.0,84.24581021455403,0.1667865999997957,0.5661628999996537,unlimited_uncertainty
0,0.0,1.0,0.0,0.0,1.0,0.0,0.0,11.633697905511308,110,109,90,0.0,1.0,0.0,0.0,85.23100547987221,0.1997266999997009,0.3162718000003224,low_uncertainty
0,0.0,1.0,0.0,0.0,1.0,0.0,0.0,18.830550957726263,111,110,90,0.0,1.0,0.0,0.0,83.16224353000156,0.1668257000001176,0.3491033000000243,low_uncertainty
0,0.0,1.0,0.0,0.0,1.0,0.0,0.0,7.709058906981031,112,111,90,0.0,0.0,1.0,0.0,75.62355502015379,0.181808400000591,0.3182302000004711,low_uncertainty
0,0.0,1.0,0.0,0.0,1.0,0.0,0.0,9.101529881062945,113,112,90,0.0,1.0,0.0,0.0,86.01477874678658,0.1998008000000481,0.3331245999997918,high_uncertainty
0,0.0,1.0,0.0,0.0,1.0,0.0,0.0,16.121970044233414,114,113,90,0.0,0.0,1.0,0.0,83.55983938196547,0.1677445000004809,0.3322671000005357,low_uncertainty
0,0.0,1.0,0.0,0.0,1.0,0.0,0.0,14.467317067378868,115,114,90,0.0,1.0,0.0,0.0,82.57167229839527,0.1517387000003509,0.3652529999999387,high_uncertainty
0,0.0,1.0,0.0,0.0,1.0,0.0,0.0,12.525619978676568,116,115,90,0.0,1.0,0.0,0.0,89.14687880644439,0.1657906000000366,0.3171863999996276,low_uncertainty
0,0.0,1.0,0.0,0.0,1.0,0.0,0.0,16.341441193394807,117,116,90,0.0,1.0,0.0,0.0,79.01729373886182,0.1510545999999522,0.2831646000004184,low_uncertainty
0,0.0,1.0,0.0,0.0,1.0,0.0,0.0,11.386315235032791,118,117,90,0.0,0.0,1.0,0.0,83.89429195046475,0.1488847999999052,0.2672388999999384,low_uncertainty
0,0.0,1.0,0.0,0.0,1.0,0.0,0.0,11.109659574595865,119,118,90,0.0,0.0,0.0,1.0,81.16272490224753,0.1167934999994031,0.3832295000001977,high_uncertainty
0,0.0,1.0,0.0,0.0,1.0,0.0,0.0,16.37453901577669,120,119,90,0.0,0.0,1.0,0.0,84.06477043128726,0.1337165999993885,0.3503432999996221,unlimited_uncertainty
0,0.0,1.0,0.0,0.0,1.0,0.0,0.0,10.555972728048284,121,120,90,0.0,0.0,1.0,0.0,84.67280194362245,0.1167779999996128,0.4002565000000686,high_uncertainty
0,0.0,1.0,0.0,0.0,1.0,0.0,0.0,10.177807235066023,122,121,90,0.0,0.0,0.0,1.0,83.19826255332386,0.1348016000001735,0.3172117999993133,high_uncertainty
0,0.0,1.0,0.0,0.0,1.0,0.0,0.0,13.330639419400724,123,122,90,0.0,0.0,1.0,0.0,88.27433334230528,0.1477683000002798,0.383227700000134,unlimited_uncertainty
0,0.0,1.0,0.0,0.0,1.0,0.0,0.0,8.118319677051032,124,123,90,1.0,0.0,0.0,0.0,86.55271194840118,0.1837346999991496,0.3662758999998914,high_uncertainty
0,0.0,1.0,0.0,0.0,1.0,0.0,0.0,14.68060959062467,125,124,90,1.0,0.0,0.0,0.0,87.50310228181048,0.1668165999999473,0.6162122999994608,no_uncertainty
0,0.0,1.0,0.0,0.0,1.0,0.0,0.0,9.48117394523967,126,125,90,1.0,0.0,0.0,0.0,84.02428624253618,0.1327668000003541,0.3342128000003868,no_uncertainty
0,0.0,1.0,0.0,0.0,1.0,0.0,0.0,11.3288438859608,127,126,90,0.0,0.0,0.0,1.0,83.60714124415885,0.1847988999998051,0.5502327000003788,no_uncertainty
0,0.0,1.0,0.0,0.0,1.0,0.0,0.0,6.022374544172139,128,127,90,1.0,0.0,0.0,0.0,83.41097429244238,0.1337919999996302,0.2502524999999878,unlimited_uncertainty
0,0.0,1.0,0.0,0.0,1.0,0.0,0.0,4.285719550323484,129,128,90,0.0,1.0,0.0,0.0,83.28189847185193,0.1509341999999378,0.3012275999999474,no_uncertainty
0,0.0,1.0,0.0,0.0,1.0,0.0,0.0,6.584154272386638,130,129,90,0.0,0.0,0.0,1.0,88.28745372427159,0.1647963000004892,0.3352429000005941,low_uncertainty
0,0.0,1.0,0.0,0.0,1.0,0.0,0.0,13.513407185770516,131,130,90,0.0,0.0,0.0,1.0,79.6838505590478,0.1328214000004663,0.2832177999998748,unlimited_uncertainty
0,0.0,1.0,0.0,0.0,1.0,0.0,0.0,14.943423220942758,132,131,90,1.0,0.0,0.0,0.0,79.84865148336543,0.1497578999997131,0.348274400000264,unlimited_uncertainty
0,0.0,1.0,0.0,0.0,1.0,0.0,0.0,18.710953725879435,133,132,90,0.0,0.0,1.0,0.0,84.83088159460567,0.1507657000001927,0.3162583000012091,no_uncertainty
0,0.0,1.0,0.0,0.0,1.0,0.0,0.0,7.131127696818329,134,133,90,1.0,0.0,0.0,0.0,85.71158977652162,0.1677479999998468,0.5002701000012166,high_uncertainty
0,0.0,1.0,0.0,0.0,1.0,0.0,0.0,14.347746050447876,135,134,90,0.0,0.0,1.0,0.0,82.71505166090328,0.1496785999988787,0.350336999999854,no_uncertainty
0,0.0,1.0,0.0,0.0,1.0,0.0,0.0,9.673964360819085,136,135,90,0.0,1.0,0.0,0.0,81.61149207994742,0.1338357999993604,0.3001573000001372,high_uncertainty
0,0.0,1.0,0.0,0.0,1.0,0.0,0.0,10.313308930323789,137,136,90,1.0,0.0,0.0,0.0,82.48282797315692,0.1518591000003653,0.3642123999998148,low_uncertainty
0,0.0,1.0,0.0,0.0,1.0,0.0,0.0,5.56321377225972,138,137,90,0.0,0.0,0.0,1.0,84.19414316664647,0.1338272000011784,0.3331811000007292,no_uncertainty
0,0.0,1.0,0.0,0.0,1.0,0.0,0.0,8.81721702655788,139,138,90,0.0,0.0,1.0,0.0,83.5348695192664,0.3006984000003285,0.3683411000001797,unlimited_uncertainty
0,0.0,1.0,0.0,0.0,1.0,0.0,0.0,11.291743914073862,140,139,90,0.0,0.0,1.0,0.0,83.79602082080022,0.1498127000013482,0.3002316000001883,high_uncertainty
0,0.0,1.0,0.0,0.0,1.0,0.0,0.0,11.834012539263552,141,140,90,0.0,0.0,0.0,1.0,85.31090677273664,0.165838500000973,0.334079300000667,high_uncertainty
0,0.0,1.0,0.0,0.0,1.0,0.0,0.0,7.236667671401062,142,141,90,0.0,0.0,0.0,1.0,81.50991869129604,0.1327758000006724,0.3002324000008229,unlimited_uncertainty
0,0.0,1.0,0.0,0.0,1.0,0.0,0.0,11.20074037775172,143,142,90,0.0,1.0,0.0,0.0,88.83329456306181,0.1178157000013016,0.3992073000008531,unlimited_uncertainty
0,0.0,1.0,0.0,0.0,1.0,0.0,0.0,9.06160280341048,144,143,90,0.0,0.0,1.0,0.0,88.05106202539959,0.1488269999990734,0.2672034000006533,low_uncertainty
0,0.0,1.0,0.0,0.0,1.0,0.0,0.0,8.053010948473945,145,144,90,0.0,0.0,1.0,0.0,87.88225530156065,0.1498147000002063,0.2501518999997643,high_uncertainty
0,0.0,1.0,0.0,0.0,1.0,0.0,0.0,5.949477607438518,146,145,90,0.0,0.0,0.0,1.0,89.82659939767548,0.1347683999993023,0.2161601000007067,high_uncertainty
0,0.0,1.0,0.0,0.0,1.0,0.0,0.0,14.256063845980796,147,146,90,0.0,0.0,0.0,1.0,87.64374214465406,0.1327809000013076,0.3322385999999824,unlimited_uncertainty
0,0.0,1.0,0.0,0.0,1.0,0.0,0.0,8.373807607520533,148,147,90,0.0,1.0,0.0,0.0,87.59540918890458,0.1317722000003414,0.2182434999995166,unlimited_uncertainty
0,0.0,1.0,0.0,0.0,1.0,0.0,0.0,7.596796827517526,149,148,90,1.0,0.0,0.0,0.0,93.51599349521032,0.1668162000005395,0.248207700000421,low_uncertainty
0,0.0,1.0,0.0,0.0,1.0,0.0,0.0,8.32062933765313,150,149,90,1.0,0.0,0.0,0.0,83.13703215138564,0.1327430000001186,0.3172778999996808,no_uncertainty
0,0.0,1.0,0.0,0.0,1.0,0.0,0.0,16.59216045634814,151,150,90,0.0,0.0,0.0,1.0,86.09302803186846,0.1337791999994806,0.5002256999996462,no_uncertainty
0,0.0,1.0,0.0,0.0,1.0,0.0,0.0,12.187861866209898,152,151,90,0.0,0.0,1.0,0.0,80.71973531451849,0.1488108000012289,0.3682069999995292,unlimited_uncertainty
0,0.0,1.0,0.0,0.0,1.0,0.0,0.0,9.841377091489168,153,152,90,0.0,1.0,0.0,0.0,83.59224669360341,0.1337008999998943,0.2993089999999938,high_uncertainty
0,0.0,1.0,0.0,0.0,1.0,0.0,0.0,20.24887324963472,154,153,90,0.0,1.0,0.0,0.0,81.9972621296003,0.1187752000005275,0.416206100000636,low_uncertainty
0,0.0,1.0,0.0,0.0,1.0,0.0,0.0,9.679532431247894,155,154,90,1.0,0.0,0.0,0.0,77.85665429628206,0.150813800000833,0.2331947000002401,low_uncertainty
0,0.0,1.0,0.0,0.0,1.0,0.0,0.0,12.538689144625549,156,155,90,0.0,1.0,0.0,0.0,77.51493353446922,0.1178037000008771,0.3002133000009053,no_uncertainty
0,0.0,1.0,0.0,0.0,1.0,0.0,0.0,9.364451637686528,157,156,90,1.0,0.0,0.0,0.0,82.46648241824496,0.1338174000011349,0.317224399999759,low_uncertainty
0,0.0,1.0,0.0,0.0,1.0,0.0,0.0,18.890944676639567,158,157,90,1.0,0.0,0.0,0.0,78.28919061203946,0.150729400000273,0.2492144000007101,no_uncertainty
0,0.0,1.0,0.0,0.0,1.0,0.0,0.0,13.841841856970486,159,158,90,1.0,0.0,0.0,0.0,82.3257076708298,0.1168299999990267,0.3152023000002373,no_uncertainty
0,0.0,1.0,0.0,0.0,1.0,0.0,0.0,7.174277185706406,160,159,90,0.0,0.0,0.0,1.0,77.68813566102051,0.1488224000004265,0.3001948999990418,no_uncertainty
0,0.0,1.0,0.0,0.0,1.0,0.0,0.0,12.747600324924834,161,160,90,0.0,1.0,0.0,0.0,78.20265442305868,0.1158312999996269,0.3342066000004706,unlimited_uncertainty
0,0.0,1.0,0.0,0.0,1.0,0.0,0.0,7.733422253020923,162,161,90,0.0,0.0,1.0,0.0,79.55539071118662,0.1848015000014129,0.2321991999997408,low_uncertainty
0,0.0,1.0,0.0,0.0,1.0,0.0,0.0,17.60948061550755,163,162,90,0.0,0.0,0.0,1.0,81.30053964752825,0.1667941000014252,0.2842555000006541,high_uncertainty
0,0.0,1.0,0.0,0.0,1.0,0.0,0.0,13.16214057587636,164,163,90,1.0,0.0,0.0,0.0,83.87078453945446,0.1647886999999173,0.318205499999749,unlimited_uncertainty
0,0.0,1.0,0.0,0.0,1.0,0.0,0.0,8.624427251306862,165,164,90,0.0,0.0,1.0,0.0,79.62792507896893,0.1498123000001214,0.2832360999982484,no_uncertainty
0,0.0,1.0,0.0,0.0,1.0,0.0,0.0,12.315280071647225,166,165,90,0.0,0.0,1.0,0.0,79.48513705667152,0.1168058000002929,0.2322099000011803,high_uncertainty
0,0.0,1.0,0.0,0.0,1.0,0.0,0.0,8.570133658760097,167,166,90,0.0,0.0,0.0,1.0,80.54973847157261,0.1167836000004172,0.433219000000463,high_uncertainty
0,0.0,1.0,0.0,0.0,1.0,0.0,0.0,16.542934568352067,168,167,90,1.0,0.0,0.0,0.0,84.85563225438229,0.1838687999988906,0.3162381000001915,unlimited_uncertainty
0,0.0,1.0,0.0,0.0,1.0,0.0,0.0,11.53537993120867,169,168,90,0.0,1.0,0.0,0.0,78.38609665925603,0.1328223000000434,0.4821778000004997,no_uncertainty
0,0.0,1.0,0.0,0.0,1.0,0.0,0.0,12.882007927917448,170,169,90,0.0,0.0,1.0,0.0,75.92788772269692,0.115823599999203,0.4002278999996633,low_uncertainty
0,0.0,1.0,0.0,0.0,1.0,0.0,0.0,22.894331724561063,171,170,90,1.0,0.0,0.0,0.0,81.74712032791776,0.149756900000284,0.349252099998921,high_uncertainty
0,0.0,1.0,0.0,0.0,1.0,0.0,0.0,12.246626646317257,172,171,90,0.0,1.0,0.0,0.0,82.09604538355303,0.1508267000008345,0.3842036999994889,no_uncertainty
0,0.0,1.0,0.0,0.0,1.0,0.0,0.0,10.574862651730191,173,172,90,1.0,0.0,0.0,0.0,82.10027699637807,0.1667818000005354,0.3842626000005111,low_uncertainty
0,0.0,1.0,0.0,0.0,1.0,0.0,0.0,14.454681306243486,174,173,90,0.0,1.0,0.0,0.0,84.65469879643692,0.1497930000004999,0.2671102000003884,no_uncertainty
0,0.0,1.0,0.0,0.0,1.0,0.0,0.0,16.58962967772962,175,174,90,0.0,1.0,0.0,0.0,82.78613688187302,0.1317612000002554,0.2841983000016626,low_uncertainty
0,0.0,1.0,0.0,0.0,1.0,0.0,0.0,6.122051641568312,176,175,90,1.0,0.0,0.0,0.0,81.00363650709023,0.1337905000000319,0.2172224999994796,low_uncertainty
0,0.0,1.0,0.0,0.0,1.0,0.0,0.0,6.574206007149037,177,176,90,0.0,0.0,0.0,1.0,83.66040450378351,0.1327435000002879,0.2842385999992984,no_uncertainty
0,0.0,1.0,0.0,0.0,1.0,0.0,0.0,11.847922851826318,178,177,90,0.0,0.0,0.0,1.0,85.13567576489261,0.1478134999997564,0.1691751000016665,unlimited_uncertainty
0,0.0,1.0,0.0,0.0,1.0,0.0,0.0,12.84652982925669,179,178,90,0.0,1.0,0.0,0.0,80.54252049787206,0.1327997999997023,0.3332341999994241,unlimited_uncertainty
0,0.0,1.0,0.0,0.0,1.0,0.0,0.0,12.70884557839927,180,179,90,0.0,0.0,1.0,0.0,82.45930941416333,0.1157651000012265,0.3012572000006912,low_uncertainty
0,0.0,1.0,0.0,0.0,1.0,0.0,0.0,10.774565001277455,181,180,90,0.0,1.0,0.0,0.0,82.90789565536839,0.1338242999991052,0.2831879999994271,high_uncertainty
0,0.0,1.0,0.0,0.0,1.0,0.0,0.0,11.149663583668062,182,181,90,0.0,1.0,0.0,0.0,83.21935405719621,0.1338005999987217,0.3161995999998908,low_uncertainty
0,0.0,1.0,0.0,0.0,1.0,0.0,0.0,7.354763233777313,183,182,90,0.0,0.0,0.0,1.0,83.04367324700823,0.1328309999989869,0.2171242000003985,low_uncertainty
0,0.0,1.0,0.0,0.0,1.0,0.0,0.0,20.65142625051612,184,183,90,0.0,0.0,0.0,1.0,85.92559053163416,0.1337449999991804,0.3162804000003234,unlimited_uncertainty
0,0.0,1.0,0.0,0.0,1.0,0.0,0.0,14.47832861509434,185,184,90,0.0,0.0,0.0,1.0,86.17155606763448,0.1177921000016795,0.3002099999994243,unlimited_uncertainty
0,0.0,1.0,0.0,0.0,1.0,0.0,0.0,14.993001832532476,186,185,90,0.0,0.0,0.0,1.0,85.4262029535041,0.1317569000002549,0.2182434999995166,unlimited_uncertainty
0,0.0,1.0,0.0,0.0,1.0,0.0,0.0,15.639446496933544,187,186,90,0.0,0.0,0.0,1.0,82.02945674001724,0.1498142000000371,0.1661669000004622,unlimited_uncertainty
0,0.0,1.0,0.0,0.0,1.0,0.0,0.0,9.808560321156085,188,187,90,0.0,0.0,1.0,0.0,87.61861941328189,0.1657653999991453,0.2342253000006167,unlimited_uncertainty
0,0.0,1.0,0.0,0.0,1.0,0.0,0.0,13.335434515068954,189,188,90,1.0,0.0,0.0,0.0,83.70061483064379,0.1337977000002865,0.299246900000071,high_uncertainty
0,0.0,1.0,0.0,0.0,1.0,0.0,0.0,13.435198643659788,190,189,90,1.0,0.0,0.0,0.0,81.81611051055616,0.1307983999995485,0.2522181999993336,no_uncertainty
0,0.0,1.0,0.0,0.0,1.0,0.0,0.0,12.688819474707962,191,190,90,0.0,0.0,1.0,0.0,80.91324445460522,0.1478207000000111,0.1832469000000856,no_uncertainty
0,0.0,1.0,0.0,0.0,1.0,0.0,0.0,16.995581675640203,192,191,90,0.0,1.0,0.0,0.0,84.11864975104483,0.1498195999993186,0.284222199999931,high_uncertainty
0,0.0,1.0,0.0,0.0,1.0,0.0,0.0,15.088511958623393,193,192,90,0.0,0.0,1.0,0.0,83.5205282208084,0.1348324000009597,0.4001898000005894,low_uncertainty
0,0.0,1.0,0.0,0.0,1.0,0.0,0.0,8.883693107104367,194,193,90,0.0,0.0,0.0,1.0,83.46519640620073,0.1148197000002255,0.2351966000005632,high_uncertainty
0,0.0,1.0,0.0,0.0,1.0,0.0,0.0,16.70233266554635,195,194,90,0.0,1.0,0.0,0.0,86.02196835528228,0.1327569999994011,0.3152429000001575,unlimited_uncertainty
0,0.0,1.0,0.0,0.0,1.0,0.0,0.0,7.134568591311341,196,195,90,0.0,0.0,1.0,0.0,78.70437358164057,0.132802599999195,0.3001901999996335,low_uncertainty
0,0.0,1.0,0.0,0.0,1.0,0.0,0.0,11.671501647076107,197,196,90,0.0,0.0,0.0,1.0,74.57190456023157,0.1328114999996614,0.5992245999987063,high_uncertainty
0,0.0,1.0,0.0,0.0,1.0,0.0,0.0,6.768394692942489,198,197,90,0.0,1.0,0.0,0.0,80.26666273607539,0.1188008999997691,0.3331015999992814,unlimited_uncertainty
0,0.0,1.0,0.0,0.0,1.0,0.0,0.0,6.150234028004711,199,198,90,0.0,0.0,0.0,1.0,83.32281532262068,0.1168241999985184,0.2651124000003619,low_uncertainty
0,0.0,1.0,0.0,0.0,1.0,0.0,0.0,9.740104785494914,200,199,90,1.0,0.0,0.0,0.0,86.6430754846258,0.1327751999997417,0.416229899999962,unlimited_uncertainty
0,0.0,0.0,0.0,0.0,0.0,0.0,0.0,0.0,201,200,90,0.0,0.0,0.0,0.0,87.95090654142528,0.1328064999997877,1.749240300001475,no_uncertainty
0,0.0,0.0,0.0,0.0,0.0,0.0,0.0,0.0,202,201,90,0.0,0.0,0.0,0.0,88.75810761113584,0.1497967000013886,0.4642191999992064,unlimited_uncertainty
0,0.0,0.0,0.0,0.0,0.0,0.0,0.0,0.0,203,202,90,0.0,0.0,0.0,0.0,85.75355349092916,0.1167507999998633,0.2832522000007884,unlimited_uncertainty
0,0.0,0.0,0.0,0.0,0.0,0.0,0.0,0.0,204,203,90,0.0,0.0,0.0,0.0,84.92898624206232,0.1337812999991001,0.3662229999990813,unlimited_uncertainty
0,0.0,0.0,0.0,0.0,0.0,0.0,0.0,0.0,205,204,90,0.0,0.0,0.0,0.0,87.44382355826622,0.1167652000003727,0.4182653999996546,unlimited_uncertainty
0,0.0,0.0,0.0,0.0,0.0,0.0,0.0,0.0,206,205,90,0.0,0.0,0.0,0.0,85.93856533906039,0.1507805999990523,0.3492384000001038,unlimited_uncertainty
0,0.0,0.0,0.0,0.0,0.0,0.0,0.0,0.0,207,206,90,0.0,0.0,0.0,0.0,86.17225160957342,0.131796800000302,0.4521867999992537,unlimited_uncertainty
0,0.0,0.0,0.0,0.0,0.0,0.0,0.0,0.0,208,207,90,0.0,0.0,0.0,0.0,87.67350041875231,0.1327585999988514,0.5502656000007846,unlimited_uncertainty
0,0.0,0.0,0.0,0.0,0.0,0.0,0.0,0.0,209,208,90,0.0,0.0,0.0,0.0,88.89517987696614,0.1328584000002592,0.3002168000002712,unlimited_uncertainty
0,0.0,0.0,0.0,0.0,0.0,0.0,0.0,0.0,210,209,90,0.0,0.0,0.0,0.0,85.58357029341796,0.1327743000001646,0.2832223999994312,unlimited_uncertainty
0,0.0,0.0,0.0,0.0,0.0,0.0,0.0,0.0,211,210,90,0.0,0.0,0.0,0.0,85.7250862826946,0.1327980999994906,0.4152085999994597,unlimited_uncertainty
0,0.0,0.0,0.0,0.0,0.0,0.0,0.0,0.0,212,211,90,0.0,0.0,0.0,0.0,84.58512550815983,0.1807651999988593,0.2852390999996714,unlimited_uncertainty
0,0.0,0.0,0.0,0.0,0.0,0.0,0.0,0.0,213,212,90,0.0,0.0,0.0,0.0,84.11955289978569,0.1168189999989408,0.283215299999938,unlimited_uncertainty
0,0.0,0.0,0.0,0.0,0.0,0.0,0.0,0.0,214,213,90,0.0,0.0,0.0,0.0,87.79834449383318,0.1177128999988781,0.1983098000000609,unlimited_uncertainty
0,0.0,0.0,0.0,0.0,0.0,0.0,0.0,0.0,215,214,90,0.0,0.0,0.0,0.0,85.94087213620558,0.1337716999987606,0.2322201999995741,unlimited_uncertainty
0,0.0,0.0,0.0,0.0,0.0,0.0,0.0,0.0,216,215,90,0.0,0.0,0.0,0.0,90.8100460195682,0.1677624999992986,0.1822360000005574,unlimited_uncertainty
0,0.0,0.0,0.0,0.0,0.0,0.0,0.0,0.0,217,216,90,0.0,0.0,0.0,0.0,84.68977389033564,0.1348344999987603,0.3651945000001433,unlimited_uncertainty
0,0.0,0.0,0.0,0.0,0.0,0.0,0.0,0.0,218,217,90,0.0,0.0,0.0,0.0,86.63581584580335,0.1157645999992382,0.3512205000006361,unlimited_uncertainty
0,0.0,0.0,0.0,0.0,0.0,0.0,0.0,0.0,219,218,90,0.0,0.0,0.0,0.0,87.3292375615058,0.1678255999995599,0.4001816999989387,unlimited_uncertainty
0,0.0,0.0,0.0,0.0,0.0,0.0,0.0,0.0,220,219,90,0.0,0.0,0.0,0.0,89.22888873783324,0.1496003000011114,0.2664279000000533,unlimited_uncertainty
0,0.0,0.0,0.0,0.0,0.0,0.0,0.0,0.0,221,220,90,0.0,0.0,0.0,0.0,85.75966113841629,0.1487880999993649,0.2342232999999396,unlimited_uncertainty
0,0.0,0.0,0.0,0.0,0.0,0.0,0.0,0.0,222,221,90,0.0,0.0,0.0,0.0,89.1727798135159,0.1497909999998228,0.1322269000011147,unlimited_uncertainty
0,0.0,0.0,0.0,0.0,0.0,0.0,0.0,0.0,223,222,90,0.0,0.0,0.0,0.0,86.36347341282857,0.1327488000006269,0.1172170999998343,unlimited_uncertainty
0,0.0,0.0,0.0,0.0,0.0,0.0,0.0,0.0,224,223,90,0.0,0.0,0.0,0.0,90.6966309960354,0.1498529999989841,0.2651789000010467,unlimited_uncertainty
0,0.0,0.0,0.0,0.0,0.0,0.0,0.0,0.0,225,224,90,0.0,0.0,0.0,0.0,86.16564093441974,0.1337891000002855,0.283253199999308,unlimited_uncertainty
0,0.0,0.0,0.0,0.0,0.0,0.0,0.0,0.0,226,225,90,0.0,0.0,0.0,0.0,88.98267871101771,0.1318100999997113,0.2842208999991271,unlimited_uncertainty
0,0.0,0.0,0.0,0.0,0.0,0.0,0.0,0.0,227,226,90,0.0,0.0,0.0,0.0,90.5332099897268,0.1498061000002053,0.3002070000002277,unlimited_uncertainty
0,0.0,0.0,0.0,0.0,0.0,0.0,0.0,0.0,228,227,90,0.0,0.0,0.0,0.0,81.72183223857084,0.1328271000002132,0.2831867000004422,unlimited_uncertainty
0,0.0,0.0,0.0,0.0,0.0,0.0,0.0,0.0,229,228,90,0.0,0.0,0.0,0.0,89.25045650130042,0.1667661999999836,0.3332001000017044,unlimited_uncertainty
0,0.0,0.0,0.0,0.0,0.0,0.0,0.0,0.0,230,229,90,0.0,0.0,0.0,0.0,84.87368039105682,0.1488185999987763,0.1181945999996969,unlimited_uncertainty
0,0.0,0.0,0.0,0.0,0.0,0.0,0.0,0.0,231,230,90,0.0,0.0,0.0,0.0,87.10423000933028,0.1327971999999135,0.3332122000010713,unlimited_uncertainty
0,0.0,0.0,0.0,0.0,0.0,0.0,0.0,0.0,232,231,90,0.0,0.0,0.0,0.0,88.30728474240105,0.1337815999995655,0.166242900000725,unlimited_uncertainty
0,0.0,0.0,0.0,0.0,0.0,0.0,0.0,0.0,233,232,90,0.0,0.0,0.0,0.0,88.63840474687605,0.1168077000002085,0.3002259000004414,unlimited_uncertainty
0,0.0,0.0,0.0,0.0,0.0,0.0,0.0,0.0,234,233,90,0.0,0.0,0.0,0.0,90.42984602555946,0.1338111000004573,0.3002321000003576,unlimited_uncertainty
0,0.0,0.0,0.0,0.0,0.0,0.0,0.0,0.0,235,234,90,0.0,0.0,0.0,0.0,89.13311566202137,0.1497717999991437,0.3162195999993855,unlimited_uncertainty
0,0.0,0.0,0.0,0.0,0.0,0.0,0.0,0.0,236,235,90,0.0,0.0,0.0,0.0,89.08138165749726,0.1148099000001821,0.368193299998893,unlimited_uncertainty
0,0.0,0.0,0.0,0.0,0.0,0.0,0.0,0.0,237,236,90,0.0,0.0,0.0,0.0,89.53658440994434,0.1327993000013521,0.2322036000005027,unlimited_uncertainty
0,0.0,0.0,0.0,0.0,0.0,0.0,0.0,0.0,238,237,90,0.0,0.0,0.0,0.0,90.76580973776292,0.1167877999996562,0.2992113000000245,unlimited_uncertainty
0,0.0,0.0,0.0,0.0,0.0,0.0,0.0,0.0,239,238,90,0.0,0.0,0.0,0.0,89.42370329045367,0.1167455999984667,0.248054099998626,unlimited_uncertainty
0,0.0,0.0,0.0,0.0,0.0,0.0,0.0,0.0,240,239,90,0.0,0.0,0.0,0.0,86.2096075272175,0.1167838999990635,0.3332236999995075,unlimited_uncertainty
0,0.0,0.0,0.0,0.0,0.0,0.0,0.0,0.0,241,240,90,0.0,0.0,0.0,0.0,87.47152150671448,0.1337700999993103,0.3332535000008647,unlimited_uncertainty
0,0.0,0.0,0.0,0.0,0.0,0.0,0.0,0.0,242,241,90,0.0,0.0,0.0,0.0,89.80023716710764,0.1157770999998319,0.4672611000005418,unlimited_uncertainty
0,0.0,0.0,0.0,0.0,0.0,0.0,0.0,0.0,243,242,90,0.0,0.0,0.0,0.0,88.05023437747982,0.115844099998867,0.3501099999994039,unlimited_uncertainty
0,0.0,0.0,0.0,0.0,0.0,0.0,0.0,0.0,244,243,90,0.0,0.0,0.0,0.0,91.72095534038584,0.1327677000008407,0.3002126999999746,unlimited_uncertainty
0,0.0,0.0,0.0,0.0,0.0,0.0,0.0,0.0,245,244,90,0.0,0.0,0.0,0.0,91.37932628198077,0.149821899998642,0.2332203999994817,unlimited_uncertainty
0,0.0,0.0,0.0,0.0,0.0,0.0,0.0,0.0,246,245,90,0.0,0.0,0.0,0.0,91.74111885839363,0.1328357000002142,0.2671862000006513,unlimited_uncertainty
0,0.0,0.0,0.0,0.0,0.0,0.0,0.0,0.0,247,246,90,0.0,0.0,0.0,0.0,89.58975430748387,0.1327969000012672,0.2502311999996891,unlimited_uncertainty
0,0.0,0.0,0.0,0.0,0.0,0.0,0.0,0.0,248,247,90,0.0,0.0,0.0,0.0,87.82731298811754,0.1478571000006923,0.2841922999996313,unlimited_uncertainty
0,0.0,0.0,0.0,0.0,0.0,0.0,0.0,0.0,249,248,90,0.0,0.0,0.0,0.0,86.6392600409853,0.1497555000005377,0.166238699999667,unlimited_uncertainty
0,0.0,0.0,0.0,0.0,0.0,0.0,0.0,0.0,250,249,90,0.0,0.0,0.0,0.0,90.46731241941332,0.1498169000005873,0.2331843000010849,unlimited_uncertainty
0,0.0,0.0,0.0,0.0,0.0,0.0,0.0,0.0,251,250,90,0.0,0.0,0.0,0.0,89.91869243391423,0.1168341000011423,0.3002237999990029,unlimited_uncertainty
0,0.0,0.0,0.0,0.0,0.0,0.0,0.0,0.0,252,251,90,0.0,0.0,0.0,0.0,91.34075391848832,0.1157624000006762,0.350228799999968,unlimited_uncertainty
0,0.0,0.0,0.0,0.0,0.0,0.0,0.0,0.0,253,252,90,0.0,0.0,0.0,0.0,93.02900302721451,0.1348049999996874,0.2832193000012921,unlimited_uncertainty
0,0.0,0.0,0.0,0.0,0.0,0.0,0.0,0.0,254,253,90,0.0,0.0,0.0,0.0,86.27565566384781,0.1327879000000393,0.3172140000006038,unlimited_uncertainty
0,0.0,0.0,0.0,0.0,0.0,0.0,0.0,0.0,255,254,90,0.0,0.0,0.0,0.0,89.70676920036576,0.1337902000013855,0.3002491000006557,unlimited_uncertainty
0,0.0,0.0,0.0,0.0,0.0,0.0,0.0,0.0,256,255,90,0.0,0.0,0.0,0.0,85.09605120024445,0.1338075999992725,0.3482215999993059,unlimited_uncertainty
0,0.0,0.0,0.0,0.0,0.0,0.0,0.0,0.0,257,256,90,0.0,0.0,0.0,0.0,88.01969021137603,0.13375459999952,0.2342258999997284,unlimited_uncertainty
0,0.0,0.0,0.0,0.0,0.0,0.0,0.0,0.0,258,257,90,0.0,0.0,0.0,0.0,89.91322880084235,0.1178051000006235,0.300249599999006,unlimited_uncertainty
0,0.0,0.0,0.0,0.0,0.0,0.0,0.0,0.0,259,258,90,0.0,0.0,0.0,0.0,88.15966886592072,0.1507172000001446,0.3482887999998638,unlimited_uncertainty
0,0.0,0.0,0.0,0.0,0.0,0.0,0.0,0.0,260,259,90,0.0,0.0,0.0,0.0,89.32951876227712,0.1327884000002086,0.3842051999999967,unlimited_uncertainty
0,0.0,0.0,0.0,0.0,0.0,0.0,0.0,0.0,261,260,90,0.0,0.0,0.0,0.0,89.93132324485754,0.1317584000007627,0.4832673000000795,unlimited_uncertainty
0,0.0,0.0,0.0,0.0,0.0,0.0,0.0,0.0,262,261,90,0.0,0.0,0.0,0.0,90.55449388627116,0.1316743000006681,0.4833347999992838,unlimited_uncertainty
0,0.0,0.0,0.0,0.0,0.0,0.0,0.0,0.0,263,262,90,0.0,0.0,0.0,0.0,88.99750732309144,0.1497940999997808,0.3501532999998744,unlimited_uncertainty
0,0.0,0.0,0.0,0.0,0.0,0.0,0.0,0.0,264,263,90,0.0,0.0,0.0,0.0,89.24446380645978,0.1338211000002047,0.1841840999986743,unlimited_uncertainty
0,0.0,0.0,0.0,0.0,0.0,0.0,0.0,0.0,265,264,90,0.0,0.0,0.0,0.0,90.06731493245603,0.1167462000012165,0.3171766999985266,unlimited_uncertainty
0,0.0,0.0,0.0,0.0,0.0,0.0,0.0,0.0,266,265,90,0.0,0.0,0.0,0.0,88.0420049465787,0.2478362000001652,0.1520827999993343,unlimited_uncertainty
0,0.0,0.0,0.0,0.0,0.0,0.0,0.0,0.0,267,266,90,0.0,0.0,0.0,0.0,89.43679698638634,0.11578770000051,0.3672358000003441,unlimited_uncertainty
0,0.0,0.0,0.0,0.0,0.0,0.0,0.0,0.0,268,267,90,0.0,0.0,0.0,0.0,89.53393973686248,0.1157855000001291,0.2169971999992412,unlimited_uncertainty
0,0.0,0.0,0.0,0.0,0.0,0.0,0.0,0.0,269,268,90,0.0,0.0,0.0,0.0,86.91079966126587,0.1327636999994865,0.2832460999998147,unlimited_uncertainty
0,0.0,0.0,0.0,0.0,0.0,0.0,0.0,0.0,270,269,90,0.0,0.0,0.0,0.0,91.03817965431004,0.1337425000001531,0.2992663999993965,unlimited_uncertainty
0,0.0,0.0,0.0,0.0,0.0,0.0,0.0,0.0,271,270,90,0.0,0.0,0.0,0.0,87.82099818836954,0.1348065000001952,0.2661938999990525,unlimited_uncertainty
0,0.0,0.0,0.0,0.0,0.0,0.0,0.0,0.0,272,271,90,0.0,0.0,0.0,0.0,87.60662337797774,0.1167715000010503,0.2662170000003243,unlimited_uncertainty
0,0.0,0.0,0.0,0.0,0.0,0.0,0.0,0.0,273,272,90,0.0,0.0,0.0,0.0,91.19892602157512,0.1328164000005927,0.1991930999993201,unlimited_uncertainty
0,0.0,0.0,0.0,0.0,0.0,0.0,0.0,0.0,274,273,90,0.0,0.0,0.0,0.0,91.88545371300071,0.1337401000000682,0.2162026000005426,unlimited_uncertainty
0,0.0,0.0,0.0,0.0,0.0,0.0,0.0,0.0,275,274,90,0.0,0.0,0.0,0.0,93.4943170436938,0.1497500999994372,0.215240100000301,unlimited_uncertainty
0,0.0,0.0,0.0,0.0,0.0,0.0,0.0,0.0,276,275,90,0.0,0.0,0.0,0.0,91.42691963925814,0.1327904999998281,0.2661320999995951,unlimited_uncertainty
0,0.0,0.0,0.0,0.0,0.0,0.0,0.0,0.0,277,276,90,0.0,0.0,0.0,0.0,86.91611112671404,0.1158070000001316,0.2331680999996024,unlimited_uncertainty
0,0.0,0.0,0.0,0.0,0.0,0.0,0.0,0.0,278,277,90,0.0,0.0,0.0,0.0,87.28280377802511,0.149767700000666,0.1502323000004253,unlimited_uncertainty
0,0.0,0.0,0.0,0.0,0.0,0.0,0.0,0.0,279,278,90,0.0,0.0,0.0,0.0,88.3880574057216,0.1327839000005042,0.1502172999989852,unlimited_uncertainty
0,0.0,0.0,0.0,0.0,0.0,0.0,0.0,0.0,280,279,90,0.0,0.0,0.0,0.0,91.50072328670812,0.1157944999995379,0.2511859000005643,unlimited_uncertainty
0,0.0,0.0,0.0,0.0,0.0,0.0,0.0,0.0,281,280,90,0.0,0.0,0.0,0.0,88.83695766516742,0.1157939999993686,0.301172100000258,unlimited_uncertainty
0,0.0,0.0,0.0,0.0,0.0,0.0,0.0,0.0,282,281,90,0.0,0.0,0.0,0.0,83.75234380270753,0.1177869000002829,0.2002431999990221,unlimited_uncertainty
0,0.0,0.0,0.0,0.0,0.0,0.0,0.0,0.0,283,282,90,0.0,0.0,0.0,0.0,85.08965191203933,0.1167578000004141,0.1832484999995358,unlimited_uncertainty
0,0.0,0.0,0.0,0.0,0.0,0.0,0.0,0.0,284,283,90,0.0,0.0,0.0,0.0,91.7619641097196,0.1497631000002002,0.2160820000008243,unlimited_uncertainty
0,0.0,0.0,0.0,0.0,0.0,0.0,0.0,0.0,285,284,90,0.0,0.0,0.0,0.0,88.86078333059581,0.1497615999996924,0.3502485999997589,unlimited_uncertainty
0,0.0,0.0,0.0,0.0,0.0,0.0,0.0,0.0,286,285,90,0.0,0.0,0.0,0.0,87.61734484156766,0.1497957999999926,0.2330454000002646,unlimited_uncertainty
0,0.0,0.0,0.0,0.0,0.0,0.0,0.0,0.0,287,286,90,0.0,0.0,0.0,0.0,88.87157718799777,0.1498009999995702,0.2671319000000949,unlimited_uncertainty
0,0.0,0.0,0.0,0.0,0.0,0.0,0.0,0.0,288,287,90,0.0,0.0,0.0,0.0,88.74891998553746,0.1317818999996234,0.3852448999987246,unlimited_uncertainty
0,0.0,0.0,0.0,0.0,0.0,0.0,0.0,0.0,289,288,90,0.0,0.0,0.0,0.0,92.79915406075804,0.148611600001459,0.2015131999996811,unlimited_uncertainty
0,0.0,0.0,0.0,0.0,0.0,0.0,0.0,0.0,290,289,90,0.0,0.0,0.0,0.0,88.25798638583595,0.1488001000016083,0.2682007999992493,unlimited_uncertainty
0,0.0,0.0,0.0,0.0,0.0,0.0,0.0,0.0,291,290,90,0.0,0.0,0.0,0.0,87.9274965647159,0.1498406999999133,0.2651427000000694,unlimited_uncertainty
0,0.0,0.0,0.0,0.0,0.0,0.0,0.0,0.0,292,291,90,0.0,0.0,0.0,0.0,89.45155783796532,0.1657795999999507,0.2162034000011772,unlimited_uncertainty
0,0.0,0.0,0.0,0.0,0.0,0.0,0.0,0.0,293,292,90,0.0,0.0,0.0,0.0,86.46441401687974,0.1477738000012323,0.2002460000003338,unlimited_uncertainty
0,0.0,0.0,0.0,0.0,0.0,0.0,0.0,0.0,294,293,90,0.0,0.0,0.0,0.0,88.91510598695038,0.133797800001048,0.3502262000001792,unlimited_uncertainty
0,0.0,0.0,0.0,0.0,0.0,0.0,0.0,0.0,295,294,90,0.0,0.0,0.0,0.0,90.82408147234348,0.1347958000005746,0.3332073000001401,unlimited_uncertainty
0,0.0,0.0,0.0,0.0,0.0,0.0,0.0,0.0,296,295,90,0.0,0.0,0.0,0.0,92.74447842273544,0.1657699999996111,0.216257999998561,unlimited_uncertainty
0,0.0,0.0,0.0,0.0,0.0,0.0,0.0,0.0,297,296,90,0.0,0.0,0.0,0.0,88.38781800625019,0.1497967000013886,0.1151836999997613,unlimited_uncertainty
0,0.0,0.0,0.0,0.0,0.0,0.0,0.0,0.0,298,297,90,0.0,0.0,0.0,0.0,92.00622145485352,0.1828733999991527,0.2832266000004892,unlimited_uncertainty
0,0.0,0.0,0.0,0.0,0.0,0.0,0.0,0.0,299,298,90,0.0,0.0,0.0,0.0,87.74373307150603,0.150791099998969,0.3330789999999979,unlimited_uncertainty
0,0.0,0.0,0.0,0.0,0.0,0.0,0.0,0.0,300,299,90,0.0,0.0,0.0,0.0,86.02601726612932,0.1827831000009609,0.4841276999995898,unlimited_uncertainty
