,Unnamed: 0,cursor_vis,midpoint_vis,endpoint_vis,cursor_sig,cursor_mp_sig,cursor_ep_sig,clamp,rot,trial,cycle_phase,target_angle,instruct_phase,instruct_state,endpoint_theta,cursor_vis,midpoint_vis,endpoint_vis,cursor_sig,cursor_mp_sig,cursor_ep_sig,clamp,rot,no_uncertainty,low_uncertainty,high_uncertainty,unlimited_uncertainty,trial,cycle,target_angle
0,0,1,1,0,0,0,0,0,0.0,1,0,90,92.38594403,0.090963167,0.5294945839999999,1.0,1.0,0.0,0.0,0.0,0.0,0.0,0.0,0.0,0.0,0.0,0.0,1,0,90
1,0,1,1,0,0,0,0,0,0.0,2,1,90,88.33489394,0.062838,0.249226917,1.0,1.0,0.0,0.0,0.0,0.0,0.0,0.0,0.0,0.0,0.0,0.0,2,1,90
2,0,1,1,0,0,0,0,0,0.0,3,2,90,88.93415497,0.07018825,0.35174141600000003,1.0,1.0,0.0,0.0,0.0,0.0,0.0,0.0,0.0,0.0,0.0,0.0,3,2,90
3,0,1,1,0,0,0,0,0,0.0,4,3,90,90.87690774,0.077369958,0.36213925,1.0,1.0,0.0,0.0,0.0,0.0,0.0,0.0,0.0,0.0,0.0,0.0,4,3,90
4,0,1,1,0,0,0,0,0,0.0,5,4,90,92.84661692,0.09538375,0.44853554100000004,1.0,1.0,0.0,0.0,0.0,0.0,0.0,0.0,0.0,0.0,0.0,0.0,5,4,90
5,0,1,1,0,0,0,0,0,0.0,6,5,90,91.9945693,0.039523042,0.342909084,1.0,1.0,0.0,0.0,0.0,0.0,0.0,0.0,0.0,0.0,0.0,0.0,6,5,90
6,0,1,1,0,0,0,0,0,0.0,7,6,90,92.87676507,0.075815,0.4237665,1.0,1.0,0.0,0.0,0.0,0.0,0.0,0.0,0.0,0.0,0.0,0.0,7,6,90
7,0,1,1,0,0,0,0,0,0.0,8,7,90,92.26050191,0.06860058299999999,0.12085425,1.0,1.0,0.0,0.0,0.0,0.0,0.0,0.0,0.0,0.0,0.0,0.0,8,7,90
8,0,1,1,0,0,0,0,0,0.0,9,8,90,90.57872557,0.07681129099999999,0.36334,1.0,1.0,0.0,0.0,0.0,0.0,0.0,0.0,0.0,0.0,0.0,0.0,9,8,90
9,0,1,1,0,0,0,0,0,0.0,10,9,90,88.23372951,0.057161540999999996,0.46713366700000003,1.0,1.0,0.0,0.0,0.0,0.0,0.0,0.0,0.0,0.0,0.0,0.0,10,9,90
10,0,1,1,0,0,0,0,0,0.0,11,10,90,90.83841497,0.055424709,0.272616417,1.0,1.0,0.0,0.0,0.0,0.0,0.0,0.0,0.0,0.0,0.0,0.0,11,10,90
11,0,1,1,0,0,0,0,0,0.0,12,11,90,93.79829522,0.081877667,0.187208209,1.0,1.0,0.0,0.0,0.0,0.0,0.0,0.0,0.0,0.0,0.0,0.0,12,11,90
12,0,1,1,0,0,0,0,0,0.0,13,12,90,90.59371740000002,0.069189,0.42239375,1.0,1.0,0.0,0.0,0.0,0.0,0.0,0.0,0.0,0.0,0.0,0.0,13,12,90
13,0,1,1,0,0,0,0,0,0.0,14,13,90,90.60950658,0.09083675,0.342384416,1.0,1.0,0.0,0.0,0.0,0.0,0.0,0.0,0.0,0.0,0.0,0.0,14,13,90
14,0,1,1,0,0,0,0,0,0.0,15,14,90,90.0,0.071228417,0.33632129200000005,1.0,1.0,0.0,0.0,0.0,0.0,0.0,0.0,0.0,0.0,0.0,0.0,15,14,90
15,0,1,1,0,0,0,0,0,0.0,16,15,90,90.30970390000002,0.07639850000000001,0.520600458,1.0,1.0,0.0,0.0,0.0,0.0,0.0,0.0,0.0,0.0,0.0,0.0,16,15,90
16,0,1,1,0,0,0,0,0,0.0,17,16,90,91.12330271,0.081462792,0.404390542,1.0,1.0,0.0,0.0,0.0,0.0,0.0,0.0,0.0,0.0,0.0,0.0,17,16,90
17,0,1,1,0,0,0,0,0,0.0,18,17,90,92.09890593,0.0922245,0.470273417,1.0,1.0,0.0,0.0,0.0,0.0,0.0,0.0,0.0,0.0,0.0,0.0,18,17,90
18,0,1,1,0,0,0,0,0,0.0,19,18,90,92.29061004,0.074062708,0.367246084,1.0,1.0,0.0,0.0,0.0,0.0,0.0,0.0,0.0,0.0,0.0,0.0,19,18,90
19,0,1,1,0,0,0,0,0,0.0,20,19,90,91.31389302,0.08749675,0.35160083299999995,1.0,1.0,0.0,0.0,0.0,0.0,0.0,0.0,0.0,0.0,0.0,0.0,20,19,90
20,0,0,1,0,0,1,0,0,-12.64716781,21,20,90,89.70158718,0.07322150000000001,0.301619292,0.0,1.0,0.0,0.0,1.0,0.0,0.0,-12.647167809932073,0.0,0.0,1.0,0.0,21,20,90
21,0,0,1,0,0,1,0,0,-6.437513967,22,21,90,91.70981404,0.118269334,0.455679125,0.0,1.0,0.0,0.0,1.0,0.0,0.0,-6.437513967273293,0.0,0.0,1.0,0.0,22,21,90
22,0,0,1,0,0,1,0,0,-11.17083844,23,22,90,91.61353893,0.065255,0.297908291,0.0,1.0,0.0,0.0,1.0,0.0,0.0,-11.170838439561338,0.0,0.0,1.0,0.0,23,22,90
23,0,0,1,0,0,1,0,0,-16.15570773,24,23,90,93.02724518,0.086113292,0.347777791,0.0,1.0,0.0,0.0,1.0,0.0,0.0,-16.155707733439687,0.0,0.0,0.0,1.0,24,23,90
24,0,0,1,0,0,1,0,0,-11.82836231,25,24,90,92.02476508,0.08500695800000001,0.326627084,0.0,1.0,0.0,0.0,1.0,0.0,0.0,-11.828362313095393,1.0,0.0,0.0,0.0,25,24,90
25,0,0,1,0,0,1,0,0,-16.35824633,26,25,90,92.77021579999999,0.086854541,0.378142834,0.0,1.0,0.0,0.0,1.0,0.0,0.0,-16.358246334333987,0.0,1.0,0.0,0.0,26,25,90
26,0,0,1,0,0,1,0,0,-16.09172629,27,26,90,93.27898626,0.106395208,0.33770166700000004,0.0,1.0,0.0,0.0,1.0,0.0,0.0,-16.09172629043396,0.0,1.0,0.0,0.0,27,26,90
27,0,0,1,0,0,1,0,0,-9.139671442000001,28,27,90,93.16229775,0.068035375,0.507297166,0.0,1.0,0.0,0.0,1.0,0.0,0.0,-9.139671442326183,1.0,0.0,0.0,0.0,28,27,90
28,0,0,1,0,0,1,0,0,-11.83857437,29,28,90,91.41094082,0.081445042,0.384254125,0.0,1.0,0.0,0.0,1.0,0.0,0.0,-11.838574370201695,0.0,0.0,1.0,0.0,29,28,90
29,0,0,1,0,0,1,0,0,-6.604420257,30,29,90,90.82632414,0.095106833,0.257928875,0.0,1.0,0.0,0.0,1.0,0.0,0.0,-6.6044202567579475,0.0,0.0,1.0,0.0,30,29,90
30,0,0,1,0,0,1,0,0,-19.38517033,31,30,90,91.9863407,0.087903625,0.133134792,0.0,1.0,0.0,0.0,1.0,0.0,0.0,-19.385170328349346,0.0,0.0,1.0,0.0,31,30,90
31,0,0,1,0,0,1,0,0,-10.20247723,32,31,90,92.51136327,0.078411667,0.242402167,0.0,1.0,0.0,0.0,1.0,0.0,0.0,-10.202477225279061,0.0,0.0,1.0,0.0,32,31,90
32,0,0,1,0,0,1,0,0,-8.445362113,33,32,90,92.55109509,0.094875666,0.45322320899999996,0.0,1.0,0.0,0.0,1.0,0.0,0.0,-8.445362113199717,1.0,0.0,0.0,0.0,33,32,90
33,0,0,1,0,0,1,0,0,-14.88084732,34,33,90,88.4845921,0.064392667,0.298799,0.0,1.0,0.0,0.0,1.0,0.0,0.0,-14.880847324910086,0.0,0.0,1.0,0.0,34,33,90
34,0,0,1,0,0,1,0,0,-17.70285022,35,34,90,90.0,0.057108625,0.608620916,0.0,1.0,0.0,0.0,1.0,0.0,0.0,-17.70285022381506,1.0,0.0,0.0,0.0,35,34,90
35,0,0,1,0,0,1,0,0,-8.679093647,36,35,90,92.45753815,0.080009291,0.371533083,0.0,1.0,0.0,0.0,1.0,0.0,0.0,-8.679093646686624,0.0,0.0,1.0,0.0,36,35,90
36,0,0,1,0,0,1,0,0,-6.825797162000001,37,36,90,89.73226466,0.07614175,0.306653583,0.0,1.0,0.0,0.0,1.0,0.0,0.0,-6.825797161651245,1.0,0.0,0.0,0.0,37,36,90
37,0,0,1,0,0,1,0,0,-11.3746945,38,37,90,95.85601359,0.081920959,0.376849,0.0,1.0,0.0,0.0,1.0,0.0,0.0,-11.374694504819205,0.0,0.0,1.0,0.0,38,37,90
38,0,0,1,0,0,1,0,0,-13.19022169,39,38,90,92.78141367,0.06381933299999999,0.351921375,0.0,1.0,0.0,0.0,1.0,0.0,0.0,-13.190221694429919,1.0,0.0,0.0,0.0,39,38,90
39,0,0,1,0,0,1,0,0,-11.20862212,40,39,90,90.9877604,0.064714917,0.35473995799999997,0.0,1.0,0.0,0.0,1.0,0.0,0.0,-11.20862211986761,0.0,0.0,1.0,0.0,40,39,90
40,0,0,1,0,0,1,0,0,-11.93909432,41,40,90,86.53981677,0.073594625,0.35364329200000005,0.0,1.0,0.0,0.0,1.0,0.0,0.0,-11.939094320299375,0.0,0.0,0.0,1.0,41,40,90
41,0,0,1,0,0,1,0,0,-15.21594652,42,41,90,89.48383577,0.081590125,0.45745541700000003,0.0,1.0,0.0,0.0,1.0,0.0,0.0,-15.215946515049053,1.0,0.0,0.0,0.0,42,41,90
42,0,0,1,0,0,1,0,0,-11.04259002,43,42,90,91.66028237,0.069749667,0.5112376670000001,0.0,1.0,0.0,0.0,1.0,0.0,0.0,-11.042590023661122,0.0,1.0,0.0,0.0,43,42,90
43,0,0,1,0,0,1,0,0,-13.39308798,44,43,90,95.74228328,0.079955,0.428991125,0.0,1.0,0.0,0.0,1.0,0.0,0.0,-13.393087981554466,0.0,0.0,0.0,1.0,44,43,90
44,0,0,1,0,0,1,0,0,-14.59696637,45,44,90,91.70981404,0.10724449999999999,0.44752650000000005,0.0,1.0,0.0,0.0,1.0,0.0,0.0,-14.59696636945306,0.0,1.0,0.0,0.0,45,44,90
45,0,0,1,0,0,1,0,0,-24.81273721,46,45,90,95.09739974,0.07101866700000001,0.38413195899999997,0.0,1.0,0.0,0.0,1.0,0.0,0.0,-24.812737207295537,1.0,0.0,0.0,0.0,46,45,90
46,0,0,1,0,0,1,0,0,-9.194959982,47,46,90,93.95424772,0.080680167,0.405712333,0.0,1.0,0.0,0.0,1.0,0.0,0.0,-9.194959981913016,0.0,1.0,0.0,0.0,47,46,90
47,0,0,1,0,0,1,0,0,-17.68111829,48,47,90,96.24191435,0.093488084,0.479508959,0.0,1.0,0.0,0.0,1.0,0.0,0.0,-17.681118288584248,0.0,1.0,0.0,0.0,48,47,90
48,0,0,1,0,0,1,0,0,-20.70868964,49,48,90,98.79373035,0.075370625,0.34678341700000004,0.0,1.0,0.0,0.0,1.0,0.0,0.0,-20.70868964304612,0.0,0.0,0.0,1.0,49,48,90
49,0,0,1,0,0,1,0,0,-10.34528157,50,49,90,100.45990909999999,0.076671166,0.40974633299999996,0.0,1.0,0.0,0.0,1.0,0.0,0.0,-10.345281566590934,1.0,0.0,0.0,0.0,50,49,90
50,0,0,1,0,0,1,0,0,-7.841890466000001,51,50,90,100.98065,0.077142959,0.29641125,0.0,1.0,0.0,0.0,1.0,0.0,0.0,-7.841890465738005,1.0,0.0,0.0,0.0,51,50,90
51,0,0,1,0,0,1,0,0,-18.71949628,52,51,90,95.58724396,0.044305458,0.251186875,0.0,1.0,0.0,0.0,1.0,0.0,0.0,-18.719496276392167,0.0,0.0,1.0,0.0,52,51,90
52,0,0,1,0,0,1,0,0,-12.6008604,53,52,90,92.67542666,0.092388625,0.234439292,0.0,1.0,0.0,0.0,1.0,0.0,0.0,-12.60086039779348,0.0,1.0,0.0,0.0,53,52,90
53,0,0,1,0,0,1,0,0,-15.54814954,54,53,90,91.34000778,0.05504591599999999,0.260278958,0.0,1.0,0.0,0.0,1.0,0.0,0.0,-15.548149541255711,0.0,0.0,1.0,0.0,54,53,90
54,0,0,1,0,0,1,0,0,-11.49250987,55,54,90,93.5256152,0.065875542,0.215865417,0.0,1.0,0.0,0.0,1.0,0.0,0.0,-11.492509869732261,1.0,0.0,0.0,0.0,55,54,90
55,0,0,1,0,0,1,0,0,-3.010096943,56,55,90,96.06178879,0.09024075,0.36639404200000003,0.0,1.0,0.0,0.0,1.0,0.0,0.0,-3.010096942706289,0.0,0.0,0.0,1.0,56,55,90
56,0,0,1,0,0,1,0,0,-12.14694584,57,56,90,91.00508601,0.093820125,0.44102725,0.0,1.0,0.0,0.0,1.0,0.0,0.0,-12.146945840758693,0.0,0.0,0.0,1.0,57,56,90
57,0,0,1,0,0,1,0,0,-15.36266371,58,57,90,94.44738485,0.08131008299999999,0.578066042,0.0,1.0,0.0,0.0,1.0,0.0,0.0,-15.362663712658458,0.0,1.0,0.0,0.0,58,57,90
58,0,0,1,0,0,1,0,0,-15.22049306,59,58,90,92.92734799,0.092448291,0.48458516700000004,0.0,1.0,0.0,0.0,1.0,0.0,0.0,-15.220493060845234,0.0,1.0,0.0,0.0,59,58,90
59,0,0,1,0,0,1,0,0,-12.95864378,60,59,90,91.07082445,0.097494125,0.38438733399999997,0.0,1.0,0.0,0.0,1.0,0.0,0.0,-12.958643776674139,0.0,0.0,1.0,0.0,60,59,90
60,0,0,1,0,0,1,0,0,-7.735263822,61,60,90,93.53955917,0.0693745,0.2644555,0.0,1.0,0.0,0.0,1.0,0.0,0.0,-7.735263821567951,0.0,0.0,0.0,1.0,61,60,90
61,0,0,1,0,0,1,0,0,-13.70151679,62,61,90,94.24845453,0.066808708,0.280638375,0.0,1.0,0.0,0.0,1.0,0.0,0.0,-13.70151678735688,0.0,0.0,1.0,0.0,62,61,90
62,0,0,1,0,0,1,0,0,-18.99792902,63,62,90,96.16298887,0.067530416,0.373376625,0.0,1.0,0.0,0.0,1.0,0.0,0.0,-18.99792901517321,0.0,1.0,0.0,0.0,63,62,90
63,0,0,1,0,0,1,0,0,-17.16460058,64,63,90,94.00950154,0.070871875,0.264223166,0.0,1.0,0.0,0.0,1.0,0.0,0.0,-17.164600575840097,0.0,0.0,1.0,0.0,64,63,90
64,0,0,1,0,0,1,0,0,-12.48153832,65,64,90,93.17983012,0.068835333,0.352441,0.0,1.0,0.0,0.0,1.0,0.0,0.0,-12.481538323788,1.0,0.0,0.0,0.0,65,64,90
65,0,0,1,0,0,1,0,0,-9.112759513,66,65,90,94.2363948,0.07328025,0.284211375,0.0,1.0,0.0,0.0,1.0,0.0,0.0,-9.1127595127239,0.0,0.0,0.0,1.0,66,65,90
66,0,0,1,0,0,1,0,0,-17.69130142,67,66,90,95.06716173,0.073476333,0.38531829100000003,0.0,1.0,0.0,0.0,1.0,0.0,0.0,-17.691301421996013,1.0,0.0,0.0,0.0,67,66,90
67,0,0,1,0,0,1,0,0,-6.696264645,68,67,90,95.17105242,0.089926125,0.311337834,0.0,1.0,0.0,0.0,1.0,0.0,0.0,-6.6962646445396174,0.0,1.0,0.0,0.0,68,67,90
68,0,0,1,0,0,1,0,0,-14.8812057,69,68,90,97.91551242,0.061395000000000005,0.375702375,0.0,1.0,0.0,0.0,1.0,0.0,0.0,-14.881205699795187,1.0,0.0,0.0,0.0,69,68,90
69,0,0,1,0,0,1,0,0,-14.18929417,70,69,90,94.27278077,0.058152040999999995,0.34726766600000003,0.0,1.0,0.0,0.0,1.0,0.0,0.0,-14.189294169316273,1.0,0.0,0.0,0.0,70,69,90
70,0,0,1,0,0,1,0,0,-14.54060724,71,70,90,94.81355089,0.05611325,0.26426741600000003,0.0,1.0,0.0,0.0,1.0,0.0,0.0,-14.540607244358391,0.0,1.0,0.0,0.0,71,70,90
71,0,0,1,0,0,1,0,0,-8.151897909,72,71,90,97.8446961,0.082141375,0.35796341600000003,0.0,1.0,0.0,0.0,1.0,0.0,0.0,-8.151897908856574,0.0,0.0,0.0,1.0,72,71,90
72,0,0,1,0,0,1,0,0,-12.88015053,73,72,90,96.2661981,0.0842895,0.392668125,0.0,1.0,0.0,0.0,1.0,0.0,0.0,-12.880150532099595,0.0,0.0,1.0,0.0,73,72,90
73,0,0,1,0,0,1,0,0,-9.981882813,74,73,90,90.0,0.076482625,0.432064083,0.0,1.0,0.0,0.0,1.0,0.0,0.0,-9.981882812509925,0.0,0.0,0.0,1.0,74,73,90
74,0,0,1,0,0,1,0,0,-2.97678526,75,74,90,95.94003725,0.058351207999999995,0.43214558299999994,0.0,1.0,0.0,0.0,1.0,0.0,0.0,-2.9767852598867552,1.0,0.0,0.0,0.0,75,74,90
75,0,0,1,0,0,1,0,0,-11.53488921,76,75,90,95.56633214,0.078864542,0.384186166,0.0,1.0,0.0,0.0,1.0,0.0,0.0,-11.534889207148915,0.0,0.0,1.0,0.0,76,75,90
76,0,0,1,0,0,1,0,0,-4.547774892,77,76,90,94.05168384,0.06503375,0.356723,0.0,1.0,0.0,0.0,1.0,0.0,0.0,-4.5477748916453935,0.0,1.0,0.0,0.0,77,76,90
77,0,0,1,0,0,1,0,0,-11.17938387,78,77,90,90.0,0.06955333400000001,0.324498917,0.0,1.0,0.0,0.0,1.0,0.0,0.0,-11.179383872709286,1.0,0.0,0.0,0.0,78,77,90
78,0,0,1,0,0,1,0,0,-15.89883375,79,78,90,94.90606699,0.08205499999999999,0.366873334,0.0,1.0,0.0,0.0,1.0,0.0,0.0,-15.898833747768984,0.0,1.0,0.0,0.0,79,78,90
79,0,0,1,0,0,1,0,0,-17.92009045,80,79,90,97.71189241,0.073877542,0.389812292,0.0,1.0,0.0,0.0,1.0,0.0,0.0,-17.920090446449148,0.0,0.0,0.0,1.0,80,79,90
80,0,0,1,0,0,1,0,0,-5.645858948,81,80,90,93.49844457,0.073780791,0.356403459,0.0,1.0,0.0,0.0,1.0,0.0,0.0,-5.645858947709428,0.0,0.0,1.0,0.0,81,80,90
81,0,0,1,0,0,1,0,0,-9.787805758,82,81,90,96.63251462,0.050624083,0.421191959,0.0,1.0,0.0,0.0,1.0,0.0,0.0,-9.787805758359944,0.0,1.0,0.0,0.0,82,81,90
82,0,0,1,0,0,1,0,0,-8.717416243999999,83,82,90,96.92721813,0.076454333,0.306237292,0.0,1.0,0.0,0.0,1.0,0.0,0.0,-8.717416243604992,1.0,0.0,0.0,0.0,83,82,90
83,0,0,1,0,0,1,0,0,-16.03994836,84,83,90,92.73933572,0.058814541,0.460491916,0.0,1.0,0.0,0.0,1.0,0.0,0.0,-16.039948363082736,0.0,0.0,0.0,1.0,84,83,90
84,0,0,1,0,0,1,0,0,-11.39211651,85,84,90,93.8785245,0.072820458,0.5264945,0.0,1.0,0.0,0.0,1.0,0.0,0.0,-11.392116506588344,0.0,0.0,1.0,0.0,85,84,90
85,0,0,1,0,0,1,0,0,-14.3763254,86,85,90,94.24684261,0.07431779200000001,0.347065333,0.0,1.0,0.0,0.0,1.0,0.0,0.0,-14.376325404198143,0.0,0.0,1.0,0.0,86,85,90
86,0,0,1,0,0,1,0,0,-9.325207356,87,86,90,95.64462221,0.066790333,0.373223708,0.0,1.0,0.0,0.0,1.0,0.0,0.0,-9.32520735583484,1.0,0.0,0.0,0.0,87,86,90
87,0,0,1,0,0,1,0,0,-13.86450341,88,87,90,94.81355089,0.068654958,0.38945754200000005,0.0,1.0,0.0,0.0,1.0,0.0,0.0,-13.864503411531224,0.0,0.0,0.0,1.0,88,87,90
88,0,0,1,0,0,1,0,0,-12.42611979,89,88,90,91.9556814,0.08535929099999999,0.48338995799999995,0.0,1.0,0.0,0.0,1.0,0.0,0.0,-12.426119787923104,0.0,0.0,1.0,0.0,89,88,90
89,0,0,1,0,0,1,0,0,-10.48200168,90,89,90,99.41262944,0.09207783300000001,0.424096125,0.0,1.0,0.0,0.0,1.0,0.0,0.0,-10.482001684871141,0.0,1.0,0.0,0.0,90,89,90
90,0,0,1,0,0,1,0,0,-6.963089592999999,91,90,90,92.30082501,0.072266792,0.28866945899999996,0.0,1.0,0.0,0.0,1.0,0.0,0.0,-6.963089592972622,0.0,1.0,0.0,0.0,91,90,90
91,0,0,1,0,0,1,0,0,-16.38652292,92,91,90,97.89170243,0.061910333,0.39864270799999996,0.0,1.0,0.0,0.0,1.0,0.0,0.0,-16.386522921089007,1.0,0.0,0.0,0.0,92,91,90
92,0,0,1,0,0,1,0,0,-15.40526531,93,92,90,91.86767884,0.0436505,0.40542070799999996,0.0,1.0,0.0,0.0,1.0,0.0,0.0,-15.405265307902004,0.0,0.0,0.0,1.0,93,92,90
93,0,0,1,0,0,1,0,0,-10.81268517,94,93,90,88.09988903,0.059514832999999996,0.324384208,0.0,1.0,0.0,0.0,1.0,0.0,0.0,-10.812685172225876,0.0,0.0,0.0,1.0,94,93,90
94,0,0,1,0,0,1,0,0,-18.67526037,95,94,90,97.35237936,0.055176584,0.36827466600000003,0.0,1.0,0.0,0.0,1.0,0.0,0.0,-18.675260373158935,0.0,0.0,0.0,1.0,95,94,90
95,0,0,1,0,0,1,0,0,-16.80369428,96,95,90,87.02197935,0.06200491599999999,0.3600875,0.0,1.0,0.0,0.0,1.0,0.0,0.0,-16.803694280362834,0.0,1.0,0.0,0.0,96,95,90
96,0,0,1,0,0,1,0,0,-7.9459489560000005,97,96,90,94.61992348,0.09267225,0.529590792,0.0,1.0,0.0,0.0,1.0,0.0,0.0,-7.945948955926671,0.0,0.0,0.0,1.0,97,96,90
97,0,0,1,0,0,1,0,0,-10.29443597,98,97,90,95.90614111,0.055670625,0.367379625,0.0,1.0,0.0,0.0,1.0,0.0,0.0,-10.294435973440862,0.0,0.0,0.0,1.0,98,97,90
98,0,0,1,0,0,1,0,0,-14.01084426,99,98,90,92.62908189,0.073747167,0.46485445799999997,0.0,1.0,0.0,0.0,1.0,0.0,0.0,-14.010844264937345,0.0,1.0,0.0,0.0,99,98,90
99,0,0,1,0,0,1,0,0,-14.47609263,100,99,90,91.30195267,0.0731015,0.34163499999999997,0.0,1.0,0.0,0.0,1.0,0.0,0.0,-14.476092625044966,1.0,0.0,0.0,0.0,100,99,90
100,0,0,1,0,0,1,0,0,-12.58745466,101,100,90,96.54203815,0.077831125,0.284673875,0.0,1.0,0.0,0.0,1.0,0.0,0.0,-12.587454657655801,0.0,0.0,0.0,1.0,101,100,90
101,0,0,1,0,0,1,0,0,-11.74627989,102,101,90,96.59451503,0.060064957999999995,0.3222795,0.0,1.0,0.0,0.0,1.0,0.0,0.0,-11.746279889554208,1.0,0.0,0.0,0.0,102,101,90
102,0,0,1,0,0,1,0,0,-9.960149851,103,102,90,97.8533133,0.066499583,0.40328341700000003,0.0,1.0,0.0,0.0,1.0,0.0,0.0,-9.960149851324676,0.0,1.0,0.0,0.0,103,102,90
103,0,0,1,0,0,1,0,0,-13.28845922,104,103,90,88.74095479,0.073260125,0.3427275,0.0,1.0,0.0,0.0,1.0,0.0,0.0,-13.288459217714989,0.0,0.0,0.0,1.0,104,103,90
104,0,0,1,0,0,1,0,0,-14.57852257,105,104,90,95.05986885,0.073506125,0.323343667,0.0,1.0,0.0,0.0,1.0,0.0,0.0,-14.578522572289364,1.0,0.0,0.0,0.0,105,104,90
105,0,0,1,0,0,1,0,0,-15.18930855,106,105,90,98.56088957,0.055976541,0.314847083,0.0,1.0,0.0,0.0,1.0,0.0,0.0,-15.189308548820106,0.0,0.0,1.0,0.0,106,105,90
106,0,0,1,0,0,1,0,0,-7.300624007000001,107,106,90,93.77228361,0.07008904099999999,0.360073208,0.0,1.0,0.0,0.0,1.0,0.0,0.0,-7.300624006576967,1.0,0.0,0.0,0.0,107,106,90
107,0,0,1,0,0,1,0,0,-13.33132518,108,107,90,96.46745893,0.058016415999999994,0.300959708,0.0,1.0,0.0,0.0,1.0,0.0,0.0,-13.331325179245749,0.0,0.0,0.0,1.0,108,107,90
108,0,0,1,0,0,1,0,0,-20.31423615,109,108,90,96.02399308,0.064429208,0.279615875,0.0,1.0,0.0,0.0,1.0,0.0,0.0,-20.314236151683513,0.0,1.0,0.0,0.0,109,108,90
109,0,0,1,0,0,1,0,0,-8.970958425,110,109,90,96.74258661,0.053617708,0.5043075,0.0,1.0,0.0,0.0,1.0,0.0,0.0,-8.970958425460838,0.0,1.0,0.0,0.0,110,109,90
110,0,0,1,0,0,1,0,0,-12.46090555,111,110,90,99.68878656,0.051772792000000005,0.340822291,0.0,1.0,0.0,0.0,1.0,0.0,0.0,-12.460905547735367,0.0,1.0,0.0,0.0,111,110,90
111,0,0,1,0,0,1,0,0,-19.29596913,112,111,90,96.18525492,0.073946166,0.875970584,0.0,1.0,0.0,0.0,1.0,0.0,0.0,-19.295969131744087,0.0,0.0,1.0,0.0,112,111,90
112,0,0,1,0,0,1,0,0,-8.310587745,113,112,90,92.27760896,0.349724583,0.349949083,0.0,1.0,0.0,0.0,1.0,0.0,0.0,-8.310587745379554,0.0,1.0,0.0,0.0,113,112,90
113,0,0,1,0,0,1,0,0,-12.70710753,114,113,90,94.22440322,0.125419542,0.455413416,0.0,1.0,0.0,0.0,1.0,0.0,0.0,-12.707107529497351,0.0,0.0,1.0,0.0,114,113,90
114,0,0,1,0,0,1,0,0,-10.69220806,115,114,90,97.89969161,0.10708020800000001,0.329989666,0.0,1.0,0.0,0.0,1.0,0.0,0.0,-10.69220806329816,0.0,1.0,0.0,0.0,115,114,90
115,0,0,1,0,0,1,0,0,-4.596596706000001,116,115,90,96.65442505,0.09918133300000001,0.298273958,0.0,1.0,0.0,0.0,1.0,0.0,0.0,-4.596596706265559,0.0,1.0,0.0,0.0,116,115,90
116,0,0,1,0,0,1,0,0,-13.87863448,117,116,90,90.32928246,0.088651375,0.38306275,0.0,1.0,0.0,0.0,1.0,0.0,0.0,-13.878634484230624,0.0,1.0,0.0,0.0,117,116,90
117,0,0,1,0,0,1,0,0,-13.63666894,118,117,90,97.16354747,0.148889875,0.119833792,0.0,1.0,0.0,0.0,1.0,0.0,0.0,-13.636668937262995,0.0,0.0,1.0,0.0,118,117,90
118,0,0,1,0,0,1,0,0,-11.29257865,119,118,90,93.09405806,0.082904375,0.210544125,0.0,1.0,0.0,0.0,1.0,0.0,0.0,-11.29257865465658,0.0,0.0,0.0,1.0,119,118,90
119,0,0,1,0,0,1,0,0,-9.408743034,120,119,90,90.0,0.056922625,0.213609042,0.0,1.0,0.0,0.0,1.0,0.0,0.0,-9.40874303382892,0.0,0.0,1.0,0.0,120,119,90
120,0,0,1,0,0,1,0,0,-12.84892431,121,120,90,90.54051019,0.123889584,0.18234983300000002,0.0,1.0,0.0,0.0,1.0,0.0,0.0,-12.848924312418971,0.0,0.0,1.0,0.0,121,120,90
121,0,0,1,0,0,1,0,0,-13.45987906,122,121,90,89.66881421,0.168749208,0.361165083,0.0,1.0,0.0,0.0,1.0,0.0,0.0,-13.459879063662605,0.0,0.0,0.0,1.0,122,121,90
122,0,0,1,0,0,1,0,0,-11.75680244,123,122,90,97.33111539,0.068501708,0.47483725,0.0,1.0,0.0,0.0,1.0,0.0,0.0,-11.756802436542266,0.0,0.0,1.0,0.0,123,122,90
123,0,0,1,0,0,1,0,0,-8.399923231,124,123,90,92.84661692,0.07041879200000001,0.282190167,0.0,1.0,0.0,0.0,1.0,0.0,0.0,-8.399923231426152,1.0,0.0,0.0,0.0,124,123,90
124,0,0,1,0,0,1,0,0,-7.56828636,125,124,90,90.6547804,0.19461783300000002,0.35169966700000005,0.0,1.0,0.0,0.0,1.0,0.0,0.0,-7.5682863602413315,1.0,0.0,0.0,0.0,125,124,90
125,0,0,1,0,0,1,0,0,-13.09361735,126,125,90,92.14376087,0.102152917,0.31601941699999997,0.0,1.0,0.0,0.0,1.0,0.0,0.0,-13.093617350287984,1.0,0.0,0.0,0.0,126,125,90
126,0,0,1,0,0,1,0,0,-10.09741426,127,126,90,100.4077113,0.106062208,0.398340417,0.0,1.0,0.0,0.0,1.0,0.0,0.0,-10.09741426194594,0.0,0.0,0.0,1.0,127,126,90
127,0,0,1,0,0,1,0,0,-11.96491223,128,127,90,96.26748140000001,0.068487583,0.311280875,0.0,1.0,0.0,0.0,1.0,0.0,0.0,-11.964912229038786,1.0,0.0,0.0,0.0,128,127,90
128,0,0,1,0,0,1,0,0,-7.7142077879999995,129,128,90,92.86240523,0.08200083400000001,0.36641954200000004,0.0,1.0,0.0,0.0,1.0,0.0,0.0,-7.7142077875636925,0.0,1.0,0.0,0.0,129,128,90
129,0,0,1,0,0,1,0,0,-17.70751769,130,129,90,95.45552179,0.108679833,0.258686792,0.0,1.0,0.0,0.0,1.0,0.0,0.0,-17.707517685339486,0.0,0.0,0.0,1.0,130,129,90
130,0,0,1,0,0,1,0,0,-15.87801884,131,130,90,90.96556779,0.10501600000000001,0.362805792,0.0,1.0,0.0,0.0,1.0,0.0,0.0,-15.878018836371071,0.0,0.0,0.0,1.0,131,130,90
131,0,0,1,0,0,1,0,0,-14.84508079,132,131,90,101.7195991,0.074409917,0.490128666,0.0,1.0,0.0,0.0,1.0,0.0,0.0,-14.845080786762786,1.0,0.0,0.0,0.0,132,131,90
132,0,0,1,0,0,1,0,0,-14.51691849,133,132,90,98.21278019,0.075862042,0.376837375,0.0,1.0,0.0,0.0,1.0,0.0,0.0,-14.51691848836943,0.0,0.0,1.0,0.0,133,132,90
133,0,0,1,0,0,1,0,0,-7.859885027000001,134,133,90,96.2034479,0.09181854199999999,0.290805458,0.0,1.0,0.0,0.0,1.0,0.0,0.0,-7.859885027053232,1.0,0.0,0.0,0.0,134,133,90
134,0,0,1,0,0,1,0,0,-13.19975406,135,134,90,89.71208393,0.094471916,0.23876408300000002,0.0,1.0,0.0,0.0,1.0,0.0,0.0,-13.199754058555767,0.0,0.0,1.0,0.0,135,134,90
135,0,0,1,0,0,1,0,0,-18.63745145,136,135,90,97.02077915,0.10079620800000001,0.41849849999999994,0.0,1.0,0.0,0.0,1.0,0.0,0.0,-18.637451451324626,0.0,1.0,0.0,0.0,136,135,90
136,0,0,1,0,0,1,0,0,-18.56684315,137,136,90,97.69605172,0.09575266699999999,0.27797008300000003,0.0,1.0,0.0,0.0,1.0,0.0,0.0,-18.56684315267502,1.0,0.0,0.0,0.0,137,136,90
137,0,0,1,0,0,1,0,0,-20.72514184,138,137,90,96.92111764,0.077675458,0.301741875,0.0,1.0,0.0,0.0,1.0,0.0,0.0,-20.725141841425398,0.0,0.0,0.0,1.0,138,137,90
138,0,0,1,0,0,1,0,0,-12.17230094,139,138,90,98.82974467,0.099944542,0.34885,0.0,1.0,0.0,0.0,1.0,0.0,0.0,-12.172300935299015,0.0,0.0,1.0,0.0,139,138,90
139,0,0,1,0,0,1,0,0,-21.50101065,140,139,90,97.61646202,0.05718525,0.291918833,0.0,1.0,0.0,0.0,1.0,0.0,0.0,-21.501010649057246,0.0,0.0,1.0,0.0,140,139,90
140,0,0,1,0,0,1,0,0,-12.56944839,141,140,90,93.731397,0.075266625,0.295008167,0.0,1.0,0.0,0.0,1.0,0.0,0.0,-12.569448388811214,0.0,0.0,0.0,1.0,141,140,90
141,0,0,1,0,0,1,0,0,-7.4025443289999995,142,141,90,93.2310099,0.076126292,0.5139218329999999,0.0,1.0,0.0,0.0,1.0,0.0,0.0,-7.4025443286049555,0.0,0.0,0.0,1.0,142,141,90
142,0,0,1,0,0,1,0,0,-13.51542824,143,142,90,92.86240523,0.0878515,0.271843334,0.0,1.0,0.0,0.0,1.0,0.0,0.0,-13.515428238149976,0.0,1.0,0.0,0.0,143,142,90
143,0,0,1,0,0,1,0,0,-7.38428187,144,143,90,98.74616226,0.067300916,0.364816209,0.0,1.0,0.0,0.0,1.0,0.0,0.0,-7.3842818697934876,0.0,0.0,1.0,0.0,144,143,90
144,0,0,1,0,0,1,0,0,-14.24111167,145,144,90,90.60309119,0.073416708,0.319167417,0.0,1.0,0.0,0.0,1.0,0.0,0.0,-14.241111672302955,0.0,0.0,1.0,0.0,145,144,90
145,0,0,1,0,0,1,0,0,-12.69545839,146,145,90,101.0489057,0.068489375,0.323291292,0.0,1.0,0.0,0.0,1.0,0.0,0.0,-12.69545839356426,0.0,0.0,0.0,1.0,146,145,90
146,0,0,1,0,0,1,0,0,-17.30727226,147,146,90,87.32144874,0.098622084,0.050569458,0.0,1.0,0.0,0.0,1.0,0.0,0.0,-17.30727225850459,0.0,0.0,0.0,1.0,147,146,90
147,0,0,1,0,0,1,0,0,-11.41670441,148,147,90,88.39099109,0.062250083,0.25567525,0.0,1.0,0.0,0.0,1.0,0.0,0.0,-11.41670440511009,0.0,1.0,0.0,0.0,148,147,90
148,0,0,1,0,0,1,0,0,-14.17215079,149,148,90,96.41084002,0.074452125,0.09683379199999999,0.0,1.0,0.0,0.0,1.0,0.0,0.0,-14.17215079088033,1.0,0.0,0.0,0.0,149,148,90
149,0,0,1,0,0,1,0,0,-9.357490633,150,149,90,96.07245641,0.12428733300000001,0.227243584,0.0,1.0,0.0,0.0,1.0,0.0,0.0,-9.357490633309565,1.0,0.0,0.0,0.0,150,149,90
150,0,0,1,0,0,1,0,0,-19.72458695,151,150,90,99.60520416,0.07539620799999999,0.365686458,0.0,1.0,0.0,0.0,1.0,0.0,0.0,-19.724586947166507,0.0,0.0,0.0,1.0,151,150,90
151,0,0,1,0,0,1,0,0,-16.80897846,152,151,90,97.95077343,0.097262875,0.3831935,0.0,1.0,0.0,0.0,1.0,0.0,0.0,-16.808978458170387,0.0,0.0,1.0,0.0,152,151,90
152,0,0,1,0,0,1,0,0,-9.732605378999999,153,152,90,97.12501635,0.07644970799999999,0.34465558399999996,0.0,1.0,0.0,0.0,1.0,0.0,0.0,-9.732605378768165,0.0,1.0,0.0,0.0,153,152,90
153,0,0,1,0,0,1,0,0,-15.97637334,154,153,90,94.54199568,0.08814441699999999,0.343723375,0.0,1.0,0.0,0.0,1.0,0.0,0.0,-15.976373341454186,0.0,1.0,0.0,0.0,154,153,90
154,0,0,1,0,0,1,0,0,-14.8601565,155,154,90,95.9644871,0.108280166,0.357777,0.0,1.0,0.0,0.0,1.0,0.0,0.0,-14.86015649794367,1.0,0.0,0.0,0.0,155,154,90
155,0,0,1,0,0,1,0,0,-10.11468965,156,155,90,95.04245107,0.083802875,0.364527042,0.0,1.0,0.0,0.0,1.0,0.0,0.0,-10.114689651459061,0.0,1.0,0.0,0.0,156,155,90
156,0,0,1,0,0,1,0,0,-9.551678297,157,156,90,94.53777251,0.06771754099999999,0.348099459,0.0,1.0,0.0,0.0,1.0,0.0,0.0,-9.551678296988097,1.0,0.0,0.0,0.0,157,156,90
157,0,0,1,0,0,1,0,0,-6.683658366,158,157,90,98.68252388,0.079902958,0.348532625,0.0,1.0,0.0,0.0,1.0,0.0,0.0,-6.683658366341135,1.0,0.0,0.0,0.0,158,157,90
158,0,0,1,0,0,1,0,0,-15.93379475,159,158,90,90.0,0.07721125,0.38780016700000003,0.0,1.0,0.0,0.0,1.0,0.0,0.0,-15.933794748157394,1.0,0.0,0.0,0.0,159,158,90
159,0,0,1,0,0,1,0,0,-15.00242458,160,159,90,96.31121058,0.084863834,0.265633375,0.0,1.0,0.0,0.0,1.0,0.0,0.0,-15.0024245810848,0.0,0.0,0.0,1.0,160,159,90
160,0,0,1,0,0,1,0,0,-19.65567315,161,160,90,96.51101944,0.069476333,0.300307333,0.0,1.0,0.0,0.0,1.0,0.0,0.0,-19.65567315068251,0.0,1.0,0.0,0.0,161,160,90
161,0,0,1,0,0,1,0,0,-15.1853663,162,161,90,90.99346886,0.07198775,0.304793708,0.0,1.0,0.0,0.0,1.0,0.0,0.0,-15.185366298050225,0.0,0.0,1.0,0.0,162,161,90
162,0,0,1,0,0,1,0,0,-5.662621968,163,162,90,93.19593801,0.09777154099999999,0.335025917,0.0,1.0,0.0,0.0,1.0,0.0,0.0,-5.662621968326832,0.0,0.0,0.0,1.0,163,162,90
163,0,0,1,0,0,1,0,0,-9.729130688,164,163,90,95.19442891,0.08719858300000001,0.287081959,0.0,1.0,0.0,0.0,1.0,0.0,0.0,-9.729130688237225,1.0,0.0,0.0,0.0,164,163,90
164,0,0,1,0,0,1,0,0,-11.03101487,165,164,90,97.00126756,0.068917042,0.35434099999999996,0.0,1.0,0.0,0.0,1.0,0.0,0.0,-11.031014872750887,0.0,0.0,1.0,0.0,165,164,90
165,0,0,1,0,0,1,0,0,-12.84640483,166,165,90,92.30376032,0.068546375,0.333845,0.0,1.0,0.0,0.0,1.0,0.0,0.0,-12.846404828565811,0.0,0.0,1.0,0.0,166,165,90
166,0,0,1,0,0,1,0,0,-13.83464782,167,166,90,94.87139103,0.094908334,0.286364583,0.0,1.0,0.0,0.0,1.0,0.0,0.0,-13.83464782101069,0.0,0.0,0.0,1.0,167,166,90
167,0,0,1,0,0,1,0,0,-12.76739456,168,167,90,92.15527562,0.0754055,0.244824708,0.0,1.0,0.0,0.0,1.0,0.0,0.0,-12.76739455990851,1.0,0.0,0.0,0.0,168,167,90
168,0,0,1,0,0,1,0,0,-15.74023088,169,168,90,101.663294,0.090257,0.28599579199999997,0.0,1.0,0.0,0.0,1.0,0.0,0.0,-15.740230879656224,0.0,1.0,0.0,0.0,169,168,90
169,0,0,1,0,0,1,0,0,-11.32800945,170,169,90,106.3070054,0.072791167,0.273797792,0.0,1.0,0.0,0.0,1.0,0.0,0.0,-11.328009451449015,0.0,0.0,1.0,0.0,170,169,90
170,0,0,1,0,0,1,0,0,-11.54931326,171,170,90,91.97493401,0.077763125,0.267248125,0.0,1.0,0.0,0.0,1.0,0.0,0.0,-11.549313260740874,1.0,0.0,0.0,0.0,171,170,90
171,0,0,1,0,0,1,0,0,-11.79024068,172,171,90,96.10468488,0.085811833,0.325373375,0.0,1.0,0.0,0.0,1.0,0.0,0.0,-11.790240677436426,0.0,1.0,0.0,0.0,172,171,90
172,0,0,1,0,0,1,0,0,-16.21717833,173,172,90,94.78699912,0.10310683400000001,0.239488208,0.0,1.0,0.0,0.0,1.0,0.0,0.0,-16.217178332449787,1.0,0.0,0.0,0.0,173,172,90
173,0,0,1,0,0,1,0,0,-13.35268094,174,173,90,88.09084757,0.116166959,0.351894834,0.0,1.0,0.0,0.0,1.0,0.0,0.0,-13.35268094406324,0.0,1.0,0.0,0.0,174,173,90
174,0,0,1,0,0,1,0,0,-14.07338361,175,174,90,97.43140797,0.09955075,0.23217175,0.0,1.0,0.0,0.0,1.0,0.0,0.0,-14.073383611214199,0.0,1.0,0.0,0.0,175,174,90
175,0,0,1,0,0,1,0,0,-10.15796242,176,175,90,94.44738485,0.087907708,0.257084333,0.0,1.0,0.0,0.0,1.0,0.0,0.0,-10.157962418018403,1.0,0.0,0.0,0.0,176,175,90
176,0,0,1,0,0,1,0,0,-13.20146377,177,176,90,101.5601308,0.08002516700000001,0.283929541,0.0,1.0,0.0,0.0,1.0,0.0,0.0,-13.20146377251174,0.0,0.0,0.0,1.0,177,176,90
177,0,0,1,0,0,1,0,0,-11.09703506,178,177,90,101.2506814,0.074247667,0.290616708,0.0,1.0,0.0,0.0,1.0,0.0,0.0,-11.09703506087594,0.0,0.0,0.0,1.0,178,177,90
178,0,0,1,0,0,1,0,0,-13.72097762,179,178,90,96.96825674,0.084290041,0.292588958,0.0,1.0,0.0,0.0,1.0,0.0,0.0,-13.720977623241716,0.0,1.0,0.0,0.0,179,178,90
179,0,0,1,0,0,1,0,0,-14.04159379,180,179,90,94.78569549,0.099788375,0.229658625,0.0,1.0,0.0,0.0,1.0,0.0,0.0,-14.041593792048145,0.0,0.0,1.0,0.0,180,179,90
180,0,0,1,0,0,1,0,0,-9.277065096,181,180,90,98.084521,0.07097825,0.5836575420000001,0.0,1.0,0.0,0.0,1.0,0.0,0.0,-9.277065096333406,0.0,1.0,0.0,0.0,181,180,90
181,0,0,1,0,0,1,0,0,-0.792151298,182,181,90,98.91492696,0.10359625,0.376033584,0.0,1.0,0.0,0.0,1.0,0.0,0.0,-0.7921512984386219,0.0,1.0,0.0,0.0,182,181,90
182,0,0,1,0,0,1,0,0,-13.05315366,183,182,90,101.0196828,0.10749916699999999,0.22804425,0.0,1.0,0.0,0.0,1.0,0.0,0.0,-13.053153662847636,0.0,0.0,0.0,1.0,183,182,90
183,0,0,1,0,0,1,0,0,-7.910646357,184,183,90,97.22818991,0.090651792,0.305964709,0.0,1.0,0.0,0.0,1.0,0.0,0.0,-7.910646356528572,0.0,0.0,0.0,1.0,184,183,90
184,0,0,1,0,0,1,0,0,-17.03016521,185,184,90,100.73889709999999,0.086062375,0.32782975,0.0,1.0,0.0,0.0,1.0,0.0,0.0,-17.030165214471037,0.0,0.0,0.0,1.0,185,184,90
185,0,0,1,0,0,1,0,0,-11.97489918,186,185,90,92.6561472,0.082582375,0.115848834,0.0,1.0,0.0,0.0,1.0,0.0,0.0,-11.974899183650663,0.0,0.0,0.0,1.0,186,185,90
186,0,0,1,0,0,1,0,0,-8.291188452,187,186,90,94.39870535,0.111486709,0.054903,0.0,1.0,0.0,0.0,1.0,0.0,0.0,-8.291188452464821,0.0,0.0,0.0,1.0,187,186,90
187,0,0,1,0,0,1,0,0,-9.511818252000001,188,187,90,95.30732685,0.069467583,0.25612208399999997,0.0,1.0,0.0,0.0,1.0,0.0,0.0,-9.511818251880673,0.0,0.0,1.0,0.0,188,187,90
188,0,0,1,0,0,1,0,0,-9.440958401,189,188,90,95.5089497,0.10730754199999999,0.20782483399999999,0.0,1.0,0.0,0.0,1.0,0.0,0.0,-9.440958400670363,1.0,0.0,0.0,0.0,189,188,90
189,0,0,1,0,0,1,0,0,-11.81399564,190,189,90,95.26965308,0.09815045900000001,0.263184292,0.0,1.0,0.0,0.0,1.0,0.0,0.0,-11.813995644770193,1.0,0.0,0.0,0.0,190,189,90
190,0,0,1,0,0,1,0,0,-14.18175722,191,190,90,97.55316978,0.0856405,0.453255833,0.0,1.0,0.0,0.0,1.0,0.0,0.0,-14.18175722103364,0.0,0.0,1.0,0.0,191,190,90
191,0,0,1,0,0,1,0,0,-20.55439988,192,191,90,89.35261761,0.078277542,0.275996208,0.0,1.0,0.0,0.0,1.0,0.0,0.0,-20.554399880198353,0.0,1.0,0.0,0.0,192,191,90
192,0,0,1,0,0,1,0,0,-16.87244807,193,192,90,100.491477,0.085014875,0.315616042,0.0,1.0,0.0,0.0,1.0,0.0,0.0,-16.872448067711023,0.0,0.0,1.0,0.0,193,192,90
193,0,0,1,0,0,1,0,0,-17.78332923,194,193,90,97.36259251,0.081218833,0.204895375,0.0,1.0,0.0,0.0,1.0,0.0,0.0,-17.783329230545565,0.0,0.0,0.0,1.0,194,193,90
194,0,0,1,0,0,1,0,0,-5.651220775,195,194,90,95.93152692,0.08713975,0.45006825,0.0,1.0,0.0,0.0,1.0,0.0,0.0,-5.651220775137499,0.0,1.0,0.0,0.0,195,194,90
195,0,0,1,0,0,1,0,0,-9.637442802999999,196,195,90,91.9945693,0.08750275,0.28925629199999997,0.0,1.0,0.0,0.0,1.0,0.0,0.0,-9.637442803225927,0.0,0.0,1.0,0.0,196,195,90
196,0,0,1,0,0,1,0,0,-14.06172605,197,196,90,97.87927815,0.060232417,0.353515167,0.0,1.0,0.0,0.0,1.0,0.0,0.0,-14.0617260468759,0.0,0.0,0.0,1.0,197,196,90
197,0,0,1,0,0,1,0,0,-6.418381122,198,197,90,92.71198347,0.085827625,0.22421379100000002,0.0,1.0,0.0,0.0,1.0,0.0,0.0,-6.418381121668407,0.0,1.0,0.0,0.0,198,197,90
198,0,0,1,0,0,1,0,0,-7.838454297999999,199,198,90,92.27922602,0.108308166,0.177071583,0.0,1.0,0.0,0.0,1.0,0.0,0.0,-7.838454297747628,0.0,0.0,0.0,1.0,199,198,90
199,0,0,1,0,0,1,0,0,-4.57002458,200,199,90,90.26403398,0.08334375,0.476668291,0.0,1.0,0.0,0.0,1.0,0.0,0.0,-4.570024579876011,1.0,0.0,0.0,0.0,200,199,90
200,0,0,0,0,0,0,0,0,0.0,201,200,90,95.29008121,0.066713375,0.37946570799999996,0.0,0.0,0.0,0.0,0.0,0.0,0.0,0.0,0.0,0.0,0.0,0.0,201,200,90
201,0,0,0,0,0,0,0,0,0.0,202,201,90,93.77819771,0.056193459,0.390946375,0.0,0.0,0.0,0.0,0.0,0.0,0.0,0.0,0.0,0.0,0.0,0.0,202,201,90
202,0,0,0,0,0,0,0,0,0.0,203,202,90,92.17868008,0.080582417,0.407918041,0.0,0.0,0.0,0.0,0.0,0.0,0.0,0.0,0.0,0.0,0.0,0.0,203,202,90
203,0,0,0,0,0,0,0,0,0.0,204,203,90,99.36345125,0.071152625,0.533754958,0.0,0.0,0.0,0.0,0.0,0.0,0.0,0.0,0.0,0.0,0.0,0.0,204,203,90
204,0,0,0,0,0,0,0,0,0.0,205,204,90,91.72822765,0.075959583,0.49152991700000004,0.0,0.0,0.0,0.0,0.0,0.0,0.0,0.0,0.0,0.0,0.0,0.0,205,204,90
205,0,0,0,0,0,0,0,0,0.0,206,205,90,98.17441463,0.0500585,0.460332791,0.0,0.0,0.0,0.0,0.0,0.0,0.0,0.0,0.0,0.0,0.0,0.0,206,205,90
206,0,0,0,0,0,0,0,0,0.0,207,206,90,90.95484125,0.055612790999999995,0.32463929199999997,0.0,0.0,0.0,0.0,0.0,0.0,0.0,0.0,0.0,0.0,0.0,0.0,207,206,90
207,0,0,0,0,0,0,0,0,0.0,208,207,90,92.32545442,0.073454125,0.41903775,0.0,0.0,0.0,0.0,0.0,0.0,0.0,0.0,0.0,0.0,0.0,0.0,208,207,90
208,0,0,0,0,0,0,0,0,0.0,209,208,90,93.93478206,0.079216542,0.36999316600000004,0.0,0.0,0.0,0.0,0.0,0.0,0.0,0.0,0.0,0.0,0.0,0.0,209,208,90
209,0,0,0,0,0,0,0,0,0.0,210,209,90,91.01848435,0.072016125,0.24418754199999998,0.0,0.0,0.0,0.0,0.0,0.0,0.0,0.0,0.0,0.0,0.0,0.0,210,209,90
210,0,0,0,0,0,0,0,0,0.0,211,210,90,90.89985971,0.092176792,0.08382933299999999,0.0,0.0,0.0,0.0,0.0,0.0,0.0,0.0,0.0,0.0,0.0,0.0,211,210,90
211,0,0,0,0,0,0,0,0,0.0,212,211,90,96.67740218,0.074213041,0.231889958,0.0,0.0,0.0,0.0,0.0,0.0,0.0,0.0,0.0,0.0,0.0,0.0,212,211,90
212,0,0,0,0,0,0,0,0,0.0,213,212,90,90.94956686,0.077081583,0.27566291600000004,0.0,0.0,0.0,0.0,0.0,0.0,0.0,0.0,0.0,0.0,0.0,0.0,213,212,90
213,0,0,0,0,0,0,0,0,0.0,214,213,90,89.70158718,0.074398125,0.23857358399999998,0.0,0.0,0.0,0.0,0.0,0.0,0.0,0.0,0.0,0.0,0.0,0.0,214,213,90
214,0,0,0,0,0,0,0,0,0.0,215,214,90,88.06319961,0.076899375,0.255614875,0.0,0.0,0.0,0.0,0.0,0.0,0.0,0.0,0.0,0.0,0.0,0.0,215,214,90
215,0,0,0,0,0,0,0,0,0.0,216,215,90,93.57633437,0.074102667,0.40097583299999995,0.0,0.0,0.0,0.0,0.0,0.0,0.0,0.0,0.0,0.0,0.0,0.0,216,215,90
216,0,0,0,0,0,0,0,0,0.0,217,216,90,96.10609385,0.088129708,0.50940225,0.0,0.0,0.0,0.0,0.0,0.0,0.0,0.0,0.0,0.0,0.0,0.0,217,216,90
217,0,0,0,0,0,0,0,0,0.0,218,217,90,94.65335159,0.104414084,0.398102875,0.0,0.0,0.0,0.0,0.0,0.0,0.0,0.0,0.0,0.0,0.0,0.0,218,217,90
218,0,0,0,0,0,0,0,0,0.0,219,218,90,91.93058744,0.067550083,0.293741667,0.0,0.0,0.0,0.0,0.0,0.0,0.0,0.0,0.0,0.0,0.0,0.0,219,218,90
219,0,0,0,0,0,0,0,0,0.0,220,219,90,89.70916098,0.093172125,0.305280625,0.0,0.0,0.0,0.0,0.0,0.0,0.0,0.0,0.0,0.0,0.0,0.0,220,219,90
220,0,0,0,0,0,0,0,0,0.0,221,220,90,90.32008482,0.094400375,0.303148375,0.0,0.0,0.0,0.0,0.0,0.0,0.0,0.0,0.0,0.0,0.0,0.0,221,220,90
221,0,0,0,0,0,0,0,0,0.0,222,221,90,93.17983012,0.08044783400000001,0.276123708,0.0,0.0,0.0,0.0,0.0,0.0,0.0,0.0,0.0,0.0,0.0,0.0,222,221,90
222,0,0,0,0,0,0,0,0,0.0,223,222,90,86.28871619,0.067147292,0.319644792,0.0,0.0,0.0,0.0,0.0,0.0,0.0,0.0,0.0,0.0,0.0,0.0,223,222,90
223,0,0,0,0,0,0,0,0,0.0,224,223,90,94.59680753,0.074420167,0.208150959,0.0,0.0,0.0,0.0,0.0,0.0,0.0,0.0,0.0,0.0,0.0,0.0,224,223,90
224,0,0,0,0,0,0,0,0,0.0,225,224,90,91.35106508,0.09045091599999999,0.275308667,0.0,0.0,0.0,0.0,0.0,0.0,0.0,0.0,0.0,0.0,0.0,0.0,225,224,90
225,0,0,0,0,0,0,0,0,0.0,226,225,90,97.31348863,0.078510416,0.42876283299999995,0.0,0.0,0.0,0.0,0.0,0.0,0.0,0.0,0.0,0.0,0.0,0.0,226,225,90
226,0,0,0,0,0,0,0,0,0.0,227,226,90,90.94956686,0.074464125,0.39645508399999996,0.0,0.0,0.0,0.0,0.0,0.0,0.0,0.0,0.0,0.0,0.0,0.0,227,226,90
227,0,0,0,0,0,0,0,0,0.0,228,227,90,91.9945693,0.09489825,0.36721854200000004,0.0,0.0,0.0,0.0,0.0,0.0,0.0,0.0,0.0,0.0,0.0,0.0,228,227,90
228,0,0,0,0,0,0,0,0,0.0,229,228,90,93.91413722,0.10385725,0.310258083,0.0,0.0,0.0,0.0,0.0,0.0,0.0,0.0,0.0,0.0,0.0,0.0,229,228,90
229,0,0,0,0,0,0,0,0,0.0,230,229,90,92.34927865,0.08963316699999999,0.325654875,0.0,0.0,0.0,0.0,0.0,0.0,0.0,0.0,0.0,0.0,0.0,0.0,230,229,90
230,0,0,0,0,0,0,0,0,0.0,231,230,90,91.58235392,0.10365758300000001,0.24188066600000002,0.0,0.0,0.0,0.0,0.0,0.0,0.0,0.0,0.0,0.0,0.0,0.0,231,230,90
231,0,0,0,0,0,0,0,0,0.0,232,231,90,90.92404535,0.08410554199999999,0.46679266700000005,0.0,0.0,0.0,0.0,0.0,0.0,0.0,0.0,0.0,0.0,0.0,0.0,232,231,90
232,0,0,0,0,0,0,0,0,0.0,233,232,90,89.10482629,0.09590025,0.2667105,0.0,0.0,0.0,0.0,0.0,0.0,0.0,0.0,0.0,0.0,0.0,0.0,233,232,90
233,0,0,0,0,0,0,0,0,0.0,234,233,90,91.9945693,0.074455125,0.251269583,0.0,0.0,0.0,0.0,0.0,0.0,0.0,0.0,0.0,0.0,0.0,0.0,234,233,90
234,0,0,0,0,0,0,0,0,0.0,235,234,90,90.90938045,0.07437604099999999,0.327079208,0.0,0.0,0.0,0.0,0.0,0.0,0.0,0.0,0.0,0.0,0.0,0.0,235,234,90
235,0,0,0,0,0,0,0,0,0.0,236,235,90,90.8550974,0.09116175,0.36779525,0.0,0.0,0.0,0.0,0.0,0.0,0.0,0.0,0.0,0.0,0.0,0.0,236,235,90
236,0,0,0,0,0,0,0,0,0.0,237,236,90,90.0,0.104268416,0.253322167,0.0,0.0,0.0,0.0,0.0,0.0,0.0,0.0,0.0,0.0,0.0,0.0,237,236,90
237,0,0,0,0,0,0,0,0,0.0,238,237,90,93.52145338,0.090801875,0.2101025,0.0,0.0,0.0,0.0,0.0,0.0,0.0,0.0,0.0,0.0,0.0,0.0,238,237,90
238,0,0,0,0,0,0,0,0,0.0,239,238,90,94.81691529999999,0.100181875,0.243841417,0.0,0.0,0.0,0.0,0.0,0.0,0.0,0.0,0.0,0.0,0.0,0.0,239,238,90
239,0,0,0,0,0,0,0,0,0.0,240,239,90,96.1701751,0.077168583,0.333113792,0.0,0.0,0.0,0.0,0.0,0.0,0.0,0.0,0.0,0.0,0.0,0.0,240,239,90
240,0,0,0,0,0,0,0,0,0.0,241,240,90,95.86387201,0.073144625,0.239492917,0.0,0.0,0.0,0.0,0.0,0.0,0.0,0.0,0.0,0.0,0.0,0.0,241,240,90
241,0,0,0,0,0,0,0,0,0.0,242,241,90,93.29611597,0.08234375,0.38564625,0.0,0.0,0.0,0.0,0.0,0.0,0.0,0.0,0.0,0.0,0.0,0.0,242,241,90
242,0,0,0,0,0,0,0,0,0.0,243,242,90,98.76758124,0.08178766700000001,0.415762375,0.0,0.0,0.0,0.0,0.0,0.0,0.0,0.0,0.0,0.0,0.0,0.0,243,242,90
243,0,0,0,0,0,0,0,0,0.0,244,243,90,97.43140797,0.0890305,0.39121054200000005,0.0,0.0,0.0,0.0,0.0,0.0,0.0,0.0,0.0,0.0,0.0,0.0,244,243,90
244,0,0,0,0,0,0,0,0,0.0,245,244,90,93.61733314,0.07170145900000001,0.22489583300000002,0.0,0.0,0.0,0.0,0.0,0.0,0.0,0.0,0.0,0.0,0.0,0.0,245,244,90
245,0,0,0,0,0,0,0,0,0.0,246,245,90,94.53777251,0.063129833,0.3687725,0.0,0.0,0.0,0.0,0.0,0.0,0.0,0.0,0.0,0.0,0.0,0.0,246,245,90
246,0,0,0,0,0,0,0,0,0.0,247,246,90,95.19442891,0.076585708,0.202433458,0.0,0.0,0.0,0.0,0.0,0.0,0.0,0.0,0.0,0.0,0.0,0.0,247,246,90
247,0,0,0,0,0,0,0,0,0.0,248,247,90,99.69560992,0.075676125,0.262591333,0.0,0.0,0.0,0.0,0.0,0.0,0.0,0.0,0.0,0.0,0.0,0.0,248,247,90
248,0,0,0,0,0,0,0,0,0.0,249,248,90,94.94596655,0.095516208,0.5220374170000001,0.0,0.0,0.0,0.0,0.0,0.0,0.0,0.0,0.0,0.0,0.0,0.0,249,248,90
249,0,0,0,0,0,0,0,0,0.0,250,249,90,86.46374661,0.09330104199999999,0.246996959,0.0,0.0,0.0,0.0,0.0,0.0,0.0,0.0,0.0,0.0,0.0,0.0,250,249,90
250,0,0,0,0,0,0,0,0,0.0,251,250,90,93.96791814,0.085360375,0.34837458299999996,0.0,0.0,0.0,0.0,0.0,0.0,0.0,0.0,0.0,0.0,0.0,0.0,251,250,90
251,0,0,0,0,0,0,0,0,0.0,252,251,90,92.50313978,0.08598175,0.298831042,0.0,0.0,0.0,0.0,0.0,0.0,0.0,0.0,0.0,0.0,0.0,0.0,252,251,90
252,0,0,0,0,0,0,0,0,0.0,253,252,90,93.22452261,0.10054266699999999,0.252186542,0.0,0.0,0.0,0.0,0.0,0.0,0.0,0.0,0.0,0.0,0.0,0.0,253,252,90
253,0,0,0,0,0,0,0,0,0.0,254,253,90,90.33118579,0.071453625,0.31145579100000004,0.0,0.0,0.0,0.0,0.0,0.0,0.0,0.0,0.0,0.0,0.0,0.0,254,253,90
254,0,0,0,0,0,0,0,0,0.0,255,254,90,90.0,0.071474459,0.34140941700000005,0.0,0.0,0.0,0.0,0.0,0.0,0.0,0.0,0.0,0.0,0.0,0.0,255,254,90
255,0,0,0,0,0,0,0,0,0.0,256,255,90,93.12780612,0.066867125,0.249246042,0.0,0.0,0.0,0.0,0.0,0.0,0.0,0.0,0.0,0.0,0.0,0.0,256,255,90
256,0,0,0,0,0,0,0,0,0.0,257,256,90,91.78991061,0.075911834,0.297047709,0.0,0.0,0.0,0.0,0.0,0.0,0.0,0.0,0.0,0.0,0.0,0.0,257,256,90
257,0,0,0,0,0,0,0,0,0.0,258,257,90,93.77228361,0.100833417,0.207873,0.0,0.0,0.0,0.0,0.0,0.0,0.0,0.0,0.0,0.0,0.0,0.0,258,257,90
258,0,0,0,0,0,0,0,0,0.0,259,258,90,87.20729763,0.09099145800000001,0.310101791,0.0,0.0,0.0,0.0,0.0,0.0,0.0,0.0,0.0,0.0,0.0,0.0,259,258,90
259,0,0,0,0,0,0,0,0,0.0,260,259,90,95.44033203,0.074318042,0.34205495799999996,0.0,0.0,0.0,0.0,0.0,0.0,0.0,0.0,0.0,0.0,0.0,0.0,260,259,90
260,0,0,0,0,0,0,0,0,0.0,261,260,90,88.7746087,0.09905325,0.249378291,0.0,0.0,0.0,0.0,0.0,0.0,0.0,0.0,0.0,0.0,0.0,0.0,261,260,90
261,0,0,0,0,0,0,0,0,0.0,262,261,90,88.93415497,0.079464958,0.203968667,0.0,0.0,0.0,0.0,0.0,0.0,0.0,0.0,0.0,0.0,0.0,0.0,262,261,90
262,0,0,0,0,0,0,0,0,0.0,263,262,90,90.0,0.07440445799999999,0.26476020899999997,0.0,0.0,0.0,0.0,0.0,0.0,0.0,0.0,0.0,0.0,0.0,0.0,263,262,90
263,0,0,0,0,0,0,0,0,0.0,264,263,90,87.82131992,0.093019625,0.23404666699999999,0.0,0.0,0.0,0.0,0.0,0.0,0.0,0.0,0.0,0.0,0.0,0.0,264,263,90
264,0,0,0,0,0,0,0,0,0.0,265,264,90,90.30314944,0.091180125,0.250837916,0.0,0.0,0.0,0.0,0.0,0.0,0.0,0.0,0.0,0.0,0.0,0.0,265,264,90
265,0,0,0,0,0,0,0,0,0.0,266,265,90,89.40934279,0.090721917,0.38412845799999995,0.0,0.0,0.0,0.0,0.0,0.0,0.0,0.0,0.0,0.0,0.0,0.0,266,265,90
266,0,0,0,0,0,0,0,0,0.0,267,266,90,90.30476191,0.081487458,0.19847720800000002,0.0,0.0,0.0,0.0,0.0,0.0,0.0,0.0,0.0,0.0,0.0,0.0,267,266,90
267,0,0,0,0,0,0,0,0,0.0,268,267,90,90.92903932,0.089089667,0.290666166,0.0,0.0,0.0,0.0,0.0,0.0,0.0,0.0,0.0,0.0,0.0,0.0,268,267,90
268,0,0,0,0,0,0,0,0,0.0,269,268,90,92.17868008,0.102373666,0.19681908399999998,0.0,0.0,0.0,0.0,0.0,0.0,0.0,0.0,0.0,0.0,0.0,0.0,269,268,90
269,0,0,0,0,0,0,0,0,0.0,270,269,90,96.25033958,0.091446,0.422691375,0.0,0.0,0.0,0.0,0.0,0.0,0.0,0.0,0.0,0.0,0.0,0.0,270,269,90
270,0,0,0,0,0,0,0,0,0.0,271,270,90,93.73762954,0.073900792,0.35238008299999996,0.0,0.0,0.0,0.0,0.0,0.0,0.0,0.0,0.0,0.0,0.0,0.0,271,270,90
271,0,0,0,0,0,0,0,0,0.0,272,271,90,91.46131009,0.09827645800000001,0.27065675,0.0,0.0,0.0,0.0,0.0,0.0,0.0,0.0,0.0,0.0,0.0,0.0,272,271,90
272,0,0,0,0,0,0,0,0,0.0,273,272,90,91.28732894,0.084777166,0.2893475,0.0,0.0,0.0,0.0,0.0,0.0,0.0,0.0,0.0,0.0,0.0,0.0,273,272,90
273,0,0,0,0,0,0,0,0,0.0,274,273,90,90.0,0.090931334,0.232014833,0.0,0.0,0.0,0.0,0.0,0.0,0.0,0.0,0.0,0.0,0.0,0.0,274,273,90
274,0,0,0,0,0,0,0,0,0.0,275,274,90,90.29382193,0.09764675,0.26847750000000004,0.0,0.0,0.0,0.0,0.0,0.0,0.0,0.0,0.0,0.0,0.0,0.0,275,274,90
275,0,0,0,0,0,0,0,0,0.0,276,275,90,90.33311124,0.106735333,0.308017375,0.0,0.0,0.0,0.0,0.0,0.0,0.0,0.0,0.0,0.0,0.0,0.0,276,275,90
276,0,0,0,0,0,0,0,0,0.0,277,276,90,90.66234945,0.09151595900000001,0.286255458,0.0,0.0,0.0,0.0,0.0,0.0,0.0,0.0,0.0,0.0,0.0,0.0,277,276,90
277,0,0,0,0,0,0,0,0,0.0,278,277,90,90.33311124,0.112846666,0.293825791,0.0,0.0,0.0,0.0,0.0,0.0,0.0,0.0,0.0,0.0,0.0,0.0,278,277,90
278,0,0,0,0,0,0,0,0,0.0,279,278,90,99.01932243,0.10158708300000001,0.333031625,0.0,0.0,0.0,0.0,0.0,0.0,0.0,0.0,0.0,0.0,0.0,0.0,279,278,90
279,0,0,0,0,0,0,0,0,0.0,280,279,90,93.46018323,0.09644779199999999,0.384668875,0.0,0.0,0.0,0.0,0.0,0.0,0.0,0.0,0.0,0.0,0.0,0.0,280,279,90
280,0,0,0,0,0,0,0,0,0.0,281,280,90,91.58235392,0.13179775,0.46211116700000004,0.0,0.0,0.0,0.0,0.0,0.0,0.0,0.0,0.0,0.0,0.0,0.0,281,280,90
281,0,0,0,0,0,0,0,0,0.0,282,281,90,94.98411498,0.105839459,0.399871167,0.0,0.0,0.0,0.0,0.0,0.0,0.0,0.0,0.0,0.0,0.0,0.0,282,281,90
282,0,0,0,0,0,0,0,0,0.0,283,282,90,92.75542469999999,0.10029116699999999,0.291542792,0.0,0.0,0.0,0.0,0.0,0.0,0.0,0.0,0.0,0.0,0.0,0.0,283,282,90
283,0,0,0,0,0,0,0,0,0.0,284,283,90,93.30821353,0.08670825,0.389407833,0.0,0.0,0.0,0.0,0.0,0.0,0.0,0.0,0.0,0.0,0.0,0.0,284,283,90
284,0,0,0,0,0,0,0,0,0.0,285,284,90,90.6547804,0.102636625,0.286573542,0.0,0.0,0.0,0.0,0.0,0.0,0.0,0.0,0.0,0.0,0.0,0.0,285,284,90
285,0,0,0,0,0,0,0,0,0.0,286,285,90,90.0,0.09066016699999999,0.32007966600000004,0.0,0.0,0.0,0.0,0.0,0.0,0.0,0.0,0.0,0.0,0.0,0.0,286,285,90
286,0,0,0,0,0,0,0,0,0.0,287,286,90,95.44033203,0.08188245799999999,0.328605292,0.0,0.0,0.0,0.0,0.0,0.0,0.0,0.0,0.0,0.0,0.0,0.0,287,286,90
287,0,0,0,0,0,0,0,0,0.0,288,287,90,90.97102193,0.09942725,0.26313575,0.0,0.0,0.0,0.0,0.0,0.0,0.0,0.0,0.0,0.0,0.0,0.0,288,287,90
288,0,0,0,0,0,0,0,0,0.0,289,288,90,90.33311124,0.08890129199999999,0.237136042,0.0,0.0,0.0,0.0,0.0,0.0,0.0,0.0,0.0,0.0,0.0,0.0,289,288,90
289,0,0,0,0,0,0,0,0,0.0,290,289,90,95.55723221,0.093712875,0.16663708300000002,0.0,0.0,0.0,0.0,0.0,0.0,0.0,0.0,0.0,0.0,0.0,0.0,290,289,90
290,0,0,0,0,0,0,0,0,0.0,291,290,90,90.0,0.090457541,0.347254,0.0,0.0,0.0,0.0,0.0,0.0,0.0,0.0,0.0,0.0,0.0,0.0,291,290,90
291,0,0,0,0,0,0,0,0,0.0,292,291,90,93.19593801,0.068292292,0.25845949999999995,0.0,0.0,0.0,0.0,0.0,0.0,0.0,0.0,0.0,0.0,0.0,0.0,292,291,90
292,0,0,0,0,0,0,0,0,0.0,293,292,90,94.86451444,0.077125,0.24038216699999998,0.0,0.0,0.0,0.0,0.0,0.0,0.0,0.0,0.0,0.0,0.0,0.0,293,292,90
293,0,0,0,0,0,0,0,0,0.0,294,293,90,98.82037955,0.081322625,0.262856458,0.0,0.0,0.0,0.0,0.0,0.0,0.0,0.0,0.0,0.0,0.0,0.0,294,293,90
294,0,0,0,0,0,0,0,0,0.0,295,294,90,93.02724518,0.08395458300000001,0.37471283299999997,0.0,0.0,0.0,0.0,0.0,0.0,0.0,0.0,0.0,0.0,0.0,0.0,295,294,90
295,0,0,0,0,0,0,0,0,0.0,296,295,90,96.77794873,0.073976208,0.249381,0.0,0.0,0.0,0.0,0.0,0.0,0.0,0.0,0.0,0.0,0.0,0.0,296,295,90
296,0,0,0,0,0,0,0,0,0.0,297,296,90,96.88642733,0.056527999999999995,0.057486875,0.0,0.0,0.0,0.0,0.0,0.0,0.0,0.0,0.0,0.0,0.0,0.0,297,296,90
297,0,0,0,0,0,0,0,0,0.0,298,297,90,88.74095479,0.090877292,0.24749179100000002,0.0,0.0,0.0,0.0,0.0,0.0,0.0,0.0,0.0,0.0,0.0,0.0,298,297,90
298,0,0,0,0,0,0,0,0,0.0,299,298,90,91.2319774,0.068594792,0.32982554199999997,0.0,0.0,0.0,0.0,0.0,0.0,0.0,0.0,0.0,0.0,0.0,0.0,299,298,90
299,0,0,0,0,0,0,0,0,0.0,300,299,90,94.39870535,0.07939299999999999,0.328602375,0.0,0.0,0.0,0.0,0.0,0.0,0.0,0.0,0.0,0.0,0.0,0.0,300,299,90
